Count,Pattern,Songs,,,,,,,,,,,,,,,,,
18,G 3G 3G 3G 3G 3G 3G 3,[sul 87.txt, maram_244.txt, maram_497.txt, maram_490.txt, maram_261.txt, sul 416.txt, maram_62.txt, maram_252.txt, maram_245.txt, maram_243.txt, NU_188.txt, BB. Hore. 116.txt, GBr. Col. 41.txt, maram_253.txt, maram_266.txt, BB. Col. 6.txt, maram_495.txt, maram_229.txt]
12,A 3B 3D 4C 4A 3,[maram_352.txt, NU_174.txt, MF(AV). Cd. VI 24.txt, GBr. Col. 187.txt, GBr. Col. 186.txt, MF(AV). Cd. XXIX 20.txt, GBr. Col. 199.txt, NU_248.txt, Drg. Col. 115.txt, sul 380.txt, NU_269.txt, MF(AV). Cd. VIII 1.txt],,,,,,
12,E 4D 4C 4B 3D 4C 4B 3,[NL_13.txt, AV. C propriu-zis. 131.txt, GBr. Col. 30.txt, mio_104.txt, mio_111.txt, mrz 189.txt, GBr. Col. 95.txt, NU_242.txt, maram_165.b.txt, maram_165.txt, del 7.txt, CB. Col. 344.txt],,,,,,
12,G 3G 3G 3A 3G 3,[MF(AV). Cd. XXIX 42.txt, CB. Col. 604.txt, GB. Col. 9.txt, GBr. Col. 100.txt, CBr. Col. 17.txt, maram_482.txt, sul 97.txt, TBred. Col. nr. 292.txt, maram_33.txt, maram_492.txt, NU_188.txt, maram_124.txt],,,,,,
10,D 4D 4D 4E 4D 4C 4B 3,[NL_13.txt, maram_188.b.txt, scor 1.txt, GBr. Col. 95.txt, DK_88.txt, CBr. Cst. 56.txt, GBr. Col. 298.txt, del 7.txt, CB. Col. 344.txt, DK_6.txt],,,,,,,,
10,D 4E 4D 4C 4B 3D 4C 4,[NL_13.txt, AV. C propriu-zis. 131.txt, GBr. Col. 30.txt, mio_104.txt, mio_111.txt, GBr. Col. 95.txt, NU_242.txt, GBr. Col. 298.txt, del 7.txt, CB. Col. 344.txt],,,,,,,,
10,G 3G 3A 3C 4B 3A 3,[MF(AV). Cd. XXXI 12.txt, GBr. Col. 175.txt, MF(AV). Cd. III 17.txt, MF(AV). Cd. X 30.txt, Drg. Col. 266.txt, BB. Hore. 102.txt, MF(AV). Cd. XII 7.txt, MF(AV). Cd. XVIII 17.txt, maram_331.txt, mio_189.txt],,,,,,,,
9,C 4B 3A 3G 3B 3A 3G 3,[GBr. Col. 31.txt, AV. C propriu-zis. 130.txt, GBr. Col. 24.txt, MF(AV). Cd. XVI 30.txt, MF(AV). Cd. XVIII 2.txt, MF(AV). Cd. IV 149.txt, CBr. Col. 28.txt, Drg. Col. Nr. 1.txt, Drg. Col. 245.txt],,,,,,,,,
9,G 3B 3A 3G 3B 3,[mio_104.txt, CBr. Col. 27.txt, sul 25.txt, mrz 163.txt, mrz 125.txt, Drg. Col. Nr. 1.txt, Drg. Col. 110.txt, mio_121.txt, maram_440.txt],,,,,,,,,
8,B 3A 3A 3B 3B 3,[mio_103.txt, maram_515.txt, del 61.txt, maram_67.txt, BB. Col. 12y.txt, maram_33.txt, sul 47.txt, GBr. Col. 20.txt],,,,,,,,,,
8,D 4C 4B 3A 3G 3B 3D 4,[NU. Col. 63.txt, NU_264.txt, MF(AV). Cd. IX 8.txt, NL_28.txt, scor 8.txt, GBr. Col. 4.txt, scor 111.txt, GB. Col. 4.txt],,,,,,,,,,
8,D 4D 4E 4D 4C 4B 3D 4,[NL_13.txt, GBr. Col. 95.txt, NU_242.txt, GBr. Col. 298.txt, Drg. Col. 244.txt, del 7.txt, DK_6.txt, CB. Col. 344.txt],,,,,,,,,,
8,E 4E 4D 4C 4B 3A 3G 3,[AV. C propriu-zis. 95.txt, maram_319.txt, GBr. Col. 131.txt, MF(AV). Cd. XII 7.txt, mio_131.txt, mio_132.txt, scor 13.txt, maram_322.txt],,,,,,,,,,
7,A 3B 3C 4B 3A 3G 3G 3,[mrz 54.txt, GBr. Col. 238.txt, GBr. Col. 27.txt, mrz 369.txt, Drg. Doină. Nr. 22.txt, MF(AV). Cd. IV 7.txt, NU. Cvj. 207.txt],,,,,,,,,,,
7,A 3E 4E 4D 4C 4B 3A 3,[maram_188.b.txt, maram_319.txt, GBr. Col. 131.txt, maram_181.txt, mio_131.txt, maram_188.txt, mio_132.txt],,,,,,,,,,,
7,C 4B 3A 3B 3A 3G 3A 3,[CB. Col. 347.txt, mrz 372.txt, CB. Col. 402.txt, CB. Col. 417.txt, BB. C. 232.txt, BB. Col. 126.txt, MF(AV). Cd. VII 3.txt],,,,,,,,,,,
7,C 5B 4A 4G 4G 4D 4G 4,[, MM DD. Col 27.txt, MM DD. Col 26.txt, MM DD. Col 25.txt, MDD. Col. 134.txt, MDD. Col. 135.txt, MM DD. Col 28.txt],,,,,,,,,,,
7,D 4C 4B 3A 3G 3G 3G 3,[NU. Col. 121.txt, AV. C propriu-zis. 95.txt, Drg. Col. 266.txt, maram_517.txt, sul 413.txt, maram_331.txt, TBred. Col. nr. 292.txt],,,,,,,,,,,
7,D 4C 4B 3D 4C 4B 3G 3,[GBr. Col. 30.txt, mio_104.txt, mio_111.txt, GBr. Col. 95.txt, Drg. C. Nr. 19.txt, del 7.txt, CB. Col. 344.txt],,,,,,,,,,,
7,D 4C 4B 3G 3A 3A 3G 3,[GBr. Col. 30.txt, mio_111.txt, MF(AV). Cd. XXI 17.txt, CBr. Col. p. 208.txt, GBr. Col. 95.txt, Drg. C. Nr. 19.txt, CB. Col. 344.txt],,,,,,,,,,,
7,D 4D 4C 4B 3A 3G 3B 3,[NU_264.txt, MF(AV). Cd. XVI 30.txt, MF(AV). Cd. IX 8.txt, scor 8.txt, GBr. Col. 4.txt, BB. Col. 128a.txt, Drg. Col. Nr. 1.txt],,,,,,,,,,,
7,D 4D 4D 4C 4B 3A 3G 3,[NU. Col. 121.txt, sul 470.txt, DK_53.txt, MF(AV). Cd. XVI 30.txt, Drg. Col. 266.txt, GBr. Col. 4.txt, sul 413.txt],,,,,,,,,,,
7,G 3A 3B 3A 3A 3G 3,[mrz 52.txt, maram_312b.txt, sul 179.txt, maram_253.txt, GBr. Col. 213.txt, maram_252.txt, AV. C propriu-zis. 81.txt],,,,,,,,,,,
7,G 3B 3D 4D 4E 4E 4D 4,[mio_103.txt, maram_188.b.txt, maram_180.txt, maram_181.txt, maram_182.txt, maram_188.txt, MF(AV). Cd. IV 88.txt],,,,,,,,,,,
7,G 3G 3G 3D 4D 4,[NU. Col. 121.txt, GBr. Col. 41.txt, Drg. Col. 131.txt, maram_528.txt, maram_445.txt, scor 65.txt, IP. C. 138.txt],,,,,,,,,,,
7,G 3G 3G 3G 3G 3B 3B 3,[maram_497.txt, maram_490.txt, BB. Bocet. 20c.txt, maram_266.txt, maram_495.txt, maram_245.txt, maram_136.txt],,,,,,,,,,,
6,A 3A 3A 3D 4C 4B 3A 3,[MV. C. p.82.txt, BB. Col. 121g.txt, maram_180.txt, BB. C. 232.txt, maram_182.txt, GBr. Col. 285.txt],,,,,,,,,,,,
6,A 3A 3G 3E 3E 3E 3,[scor 85.txt, mrz 374.txt, maram_118.txt, maram_515.txt, AV. C propriu-zis. 80.txt, sul 118.txt],,,,,,,,,,,,
6,A 3B 3A 3B 3A 3,[TBred. Cpropriu-zis. nr. 172.txt, maram_24.txt, CBr. Col. 7.txt, sul 49.txt, maram_362.txt, NU. Cvj. 143.txt],,,,,,,,,,,,
6,A 3B 3C 4B 3A 3B 3C 4,[CBr. Cst. 39.txt, GB. Col. 12.txt, GBr. Col. 171.txt, GBr. Col. 100.txt, BB. Col. 122a.txt, NU. Cvj. 149.txt],,,,,,,,,,,,
6,A 3G 3G 3G 3A 3B 3C 4,[del 110.txt, Drg. Col. 276.txt, NL_118.txt, Drg. Doină. Nr. 4.txt, GBr. Col. 166.txt, GBr. Col. 113.txt],,,,,,,,,,,,
6,A 3G 3G 3G 3G 3G 3G 3,[maram_117.txt, maram_490.txt, BB. Hore. 116.txt, maram_113.txt, BB. Col. 6.txt, maram_23.txt],,,,,,,,,,,,
6,B 3A 3A 3A 3D 4C 4B 3,[MV. C. p.82.txt, BB. Col. 121g.txt, maram_180.txt, maram_182.txt, DK_40.txt, GBr. Col. 285.txt],,,,,,,,,,,,
6,B 3A 3B 3A 3B 3A 3,[CBr. Cst. 34.txt, maram_81.txt, sul 28.txt, MF(AV). Cd. IX 16.txt, BB. Col. 6.txt, sul 49.txt],,,,,,,,,,,,
6,B 3A 3B 3C 4B 3A 3G 3,[maram_449.txt, GBr. Col. 27.txt, mrz 369.txt, GBr. Col. 214.txt, MF(AV). Cd. XXXI 7.txt, GB. Col. 2.txt],,,,,,,,,,,,
6,B 3C 4D 4B 3A 3,[sul 362.txt, CBr. Cst. 61.txt, maram_67.txt, CBr. Col. 28.txt, GBr. Col. 57.txt, GBr. Col. 82.txt],,,,,,,,,,,,
6,B 3C 4D 4C 4B 3A 3G 3,[NU. Col. 63.txt, MF(AV). Cd. XIX 7.txt, MF(AV). Cd. IV 8.txt, NU. Col. 91.txt, MF(AV). Cd. XXVIII 2.txt, AV. C propriu-zis. 157.txt],,,,,,,,,,,,
6,B 3D 4D 4C 4B 3A 3G 3,[IP. Col. 95.txt, NU_264.txt, MF(AV). Cd. XII 8.txt, scor 8.txt, BB. Col. 128a.txt, Drg. Col. Nr. 1.txt],,,,,,,,,,,,
6,B 4C 5B 4A 4G 4G 4D 4,[, MM DD. Col 26.txt, MDD. C.J. 307.txt, MM DD. Col 25.txt, MDD. Col. 135.txt, MM DD. Col 28.txt],,,,,,,,,,,,
6,B 4D 5D 5E 5D 5C 5B 4,[MM DD. Col 27.txt, Drg. Col. 22.txt, MDD. Col. 177.txt, MDD. Col. 122.txt, MM DD. Col 133.txt, MDD. Col. 134.txt],,,,,,,,,,,,
6,C 4B 3A 3B 3C 4B 3A 3,[GBr. Col. 171.txt, GBr. Col. 27.txt, GBr. Col. 214.txt, Drg. Col. 176.txt, MF(AV). Cd. XXXI 7.txt, GB. Col. 2.txt],,,,,,,,,,,,
6,C 4B 3A 3G 3A 3A 3G 3,[Drg. Col. 228.txt, MF(AV). Cd. IV 149.txt, sul 429.txt, MF(AV). Cd. XII 14.txt, NU. Col. 91.txt, MF(AV). Cd. XVI 29.txt],,,,,,,,,,,,
6,C 4G 3G 3G 3G 3G 3G 3,[maram_244.txt, mio_248.txt, sul 416.txt, maram_266.txt, maram_229.txt, maram_136.txt],,,,,,,,,,,,
6,D 4C 4B 3B 3A 3A 3G 3,[maram_485.txt, MF(AV). Cd. XXVIII 10.txt, DK_116.txt, MF(AV). Cd. XVI 23.txt, NU_187.txt, CB. Col. 346.txt],,,,,,,,,,,,
6,D 4C 4B 3D 4C 4B 3A 3,[NL_13.txt, AV. C propriu-zis. 131.txt, Drg. Col. 290.txt, mio_97.txt, NU_242.txt, maram_176b.txt],,,,,,,,,,,,
6,D 4D 4E 4D 4C 4B 3A 3,[maram_526.txt, maram_188.b.txt, DK_146.txt, DK_88.txt, scor 111.txt, CBr. Cst. 56.txt],,,,,,,,,,,,
6,D 4E 4D 4C 4B 3A 3A 3,[maram_180.txt, GBr. Col. 171.txt, DK_88.txt, scor 111.txt, CBr. Cst. 56.txt, del 147.txt],,,,,,,,,,,,
6,D 5E 5D 5C 5B 4D 5C 5,[, MM DD. Col 137.txt, MDD. Col. 122.txt, MM DD. Col 133.txt, MM DD. Col 134.txt, MDD. Col. 118.txt],,,,,,,,,,,,
6,G 3A 3B 3A 3A 3G 3G 3,[SDrg. Doina. 58.txt, mrz 52.txt, maram_253.txt, maram_312b.txt, GBr. Col. 213.txt, AV. C propriu-zis. 81.txt],,,,,,,,,,,,
5,A#3C 4D 4C 4A#3G 3G 3,[maram_447.txt, maram_231.txt, maram_56.txt, NU_259.txt, maram_361.txt],,,,,,,,,,,,,
5,B 3A 3A 3B 3A 3A 3G 3,[scor 85.txt, sul 179.txt, AV. C propriu-zis. 80.txt, sul 118.txt, scor 66.txt],,,,,,,,,,,,,
5,B 3A 3A 3G 3F#3E 3E 3,[scor 85.txt, scor 84.txt, SDrg. Cjoc. 67.txt, SDrg. Cjoc. 61.txt, MF(AV). Cd. XXVI 31.txt],,,,,,,,,,,,,
5,B 3A 3G 3B 3D 4D 4C 4,[NU. Col. 63.txt, maram_518.txt, maram_253.txt, maram_252.txt, NL_35.txt],,,,,,,,,,,,,
5,B 3C 4B 3A 3B 3A 3G 3,[NU_14.txt, mio_181.txt, GBr. Col. 136.txt, BB. Col. 126.txt, Drg. Col. 153.txt],,,,,,,,,,,,,
5,B 3C 4D 4E 4D 4C 4B 3,[GBr. Col. 30.txt, mio_104.txt, mrz 54.txt, del 118.txt, CB. Col. 346.txt],,,,,,,,,,,,,
5,B 3D 4C 4B 3A 3G 3G 3,[NL_13.txt, TBred. Cpropriu-zis. nr. 173.txt, NL_28.txt, maram_331.txt, TBred. Col. nr. 292.txt],,,,,,,,,,,,,
5,C 4D 4A#3A 3G 3,[maram_130.txt, Bog. Col. 321.txt, sul 214.txt, maram_498.txt, NL_201.txt],,,,,,,,,,,,,
5,C 5B 4A 4G 4A 4,[MDD. C.P. 293.txt, , Drg. Col. 1.txt, Drg. Col. 57.txt, MDD. C.P. 253.txt],,,,,,,,,,,,,
5,D 3D 3G 3A 3B 3A 3G 3,[maram_68.txt, sul 442.txt, maram_253.txt, maram_252.txt, IP. Bal. 150.txt],,,,,,,,,,,,,
5,D 3E 3E 3D 3G 3A 3B 3,[SDrg. Doina. 58.txt, maram_253.txt, IP. Cj. 69.txt, Drg. Doină. Nr. 22.txt, maram_252.txt],,,,,,,,,,,,,
5,D 3G 3G 3G 3G 3G 3G 3,[sul 87.txt, maram_62.txt, maram_266.txt, maram_229.txt, NU_188.txt],,,,,,,,,,,,,
5,D 4C 4B 3A 3A 3G 3G 3,[maram_430.txt, maram_517.txt, maram_351a.txt, AV. C propriu-zis. 81.txt, maram_351b.txt],,,,,,,,,,,,,
5,D 4C 4B 3A 3G 3A 3A 3,[sul 429.txt, MF(AV). Cd. XII 14.txt, NU. Col. 91.txt, NL_59.txt, Drg. Col. 202.txt],,,,,,,,,,,,,
5,D 4D 4C 4B 3A 3G 3G 3,[NU. Col. 121.txt, IP. Col. 95.txt, Drg. Col. 266.txt, MF(AV). Cd. XII 8.txt, sul 413.txt],,,,,,,,,,,,,
5,D 5C 5B 4G 4A 4A 4G 4,[, MDD. Col. 122.txt, MDD. Col. 195.txt, MM DD. Col 133.txt, MDD. Col. 118.txt],,,,,,,,,,,,,
5,D 5D 5D 5B 4C 5B 4A 4,[, MM DD. Col 26.txt, MM DD. Col 25.txt, MDD. Col. 135.txt, MM DD. Col 28.txt],,,,,,,,,,,,,
5,E 4D 4C 4B 3A 3A 3,[DK_103.txt, maram_517.txt, maram_515.txt, maram_329b.txt, CBr. Cst. 56.txt],,,,,,,,,,,,,
5,E 4D 4C 4B 3B 3A 3A 3,[MF(AV). Cd. XXVIII 10.txt, maram_182.txt, DK_40.txt, DK_88.txt, NU_187.txt],,,,,,,,,,,,,
5,G 3A 3B 3C 4B 3A 3G 3,[GB. Col. 12.txt, mrz 54.txt, DK_146.txt, Drg. Doină. Nr. 22.txt, NU. Cvj. 207.txt],,,,,,,,,,,,,
5,G 3G 3A 3A 3G 3G 3A 3,[MF(AV). Cd. VI 24.txt, CBr. Col. 17.txt, maram_127.txt, NL_135.txt, AV. C propriu-zis. 213.txt],,,,,,,,,,,,,
5,G 3G 3G 3A 3A 3G 3,[maram_117.txt, maram_118.txt, BB. Col. 30b.txt, maram_127.txt, maram_122.txt],,,,,,,,,,,,,
4,A 3B 3B 3B 3A 3B 3A 3,[sul 442.txt, maram_182.txt, GBr. Col. 285.txt, NL_149.txt],,,,,,,,,,,,,,
4,A 3B 3C 4B 3A 3B 3A 3,[mio_181.txt, BB. Col. 126.txt, Drg. Col. 153.txt, Drg. Col. 176.txt],,,,,,,,,,,,,,
4,A 3B 3C 4B 3B 3A 3B 3,[AV. C propriu-zis. 117.txt, mrz 369.txt, Drg. Doină. Nr. 22.txt, GBr. Col. 189.txt],,,,,,,,,,,,,,
4,A 3G 3A 3G 3E 3E 3,[sul 92.txt, sul 91.txt, sul 98.txt, sul 462.txt],,,,,,,,,,,,,,
4,A 3G 3A 3G 3E 3E 3G 3,[Drg. Col. 252.txt, sul 92.txt, BB. Col. 126.txt, sul 91.txt],,,,,,,,,,,,,,
4,A 3G 3B 3C 4D 4E 4D 4,[GBr. Col. 30.txt, mio_104.txt, CBr. Col. p. 208.txt, CB. Col. 346.txt],,,,,,,,,,,,,,
4,A 3G 3B 3D 4C 4A 3G 3,[GBr. Col. 25.txt, NL_28.txt, NL_24.txt, maram_520.txt],,,,,,,,,,,,,,
4,A 3G 3B 3D 4E 4D 4B 3,[maram_411.txt, TBred. Cpropriu-zis. nr. 155.txt, GBr. Col. 4.txt, maram_440.txt],,,,,,,,,,,,,,
4,A 3G 3E 3E 3G 3A 3G 3,[CP.SCR. Doină. 13.txt, sul 92.txt, sul 91.txt, BB. Bocet. 21a.txt],,,,,,,,,,,,,,
4,A 3G 3G 3A 3G 3G 3A 3,[MF(AV). Cd. VI 24.txt, maram_45.txt, NU. Cvj. 137.txt, NL_135.txt],,,,,,,,,,,,,,
4,B 3A 3B 3C 4B 3A 3B 3,[GBr. Col. 171.txt, GBr. Col. 214.txt, Drg. Col. 176.txt, maram_363.txt],,,,,,,,,,,,,,
4,B 3A 3B 3C 4D 4C 4B 3,[Drg. Col. 269.txt, GBr. Col. 171.txt, maram_449.txt, GB. Col. 2.txt],,,,,,,,,,,,,,
4,B 3A 3G 3A 3B 3A 3G 3,[MF(AV). Cd. XXVIII 3.txt, GBr. Col. 13.txt, GBr. Col. 298.txt, sul 461.txt],,,,,,,,,,,,,,
4,B 3A 3G 3E 3E 3D 3D 3,[maram_525.txt, maram_518.txt, CBr. Cst. 43.txt, BB. C. 118.txt],,,,,,,,,,,,,,
4,B 3B 3B 3A 3B 3A 3G 3,[maram_182.txt, IB. C. 20.txt, GBr. Col. 10.txt, GBr. Col. 285.txt],,,,,,,,,,,,,,
4,B 3B 3D 4C 4B 3A 3G 3,[TBred. Cpropriu-zis. nr. 173.txt, sul 429.txt, maram_331.txt, TBred. Col. nr. 292.txt],,,,,,,,,,,,,,
4,B 3B 3D 4D 4C 4B 3A 3,[GBr. Col. 40.txt, GBr. Col. 100.txt, NU. Col. 111.txt, mio_134.txt],,,,,,,,,,,,,,
4,B 3C 4B 3A 3G 3B 3A 3,[sul 392.txt, GBr. Col. 24.txt, maram_449.txt, Drg. Col. 245.txt],,,,,,,,,,,,,,
4,B 3D 4C 4B 3A 3G 3A 3,[MF(AV). Cd. XXVIII 3.txt, sul 429.txt, NU. Cvj. 149.txt, maram_149.txt],,,,,,,,,,,,,,
4,B 3D 4C 4B 3A 3G 3B 3,[maram_519.txt, NL_28.txt, maram_331.txt, GB. Col. 4.txt],,,,,,,,,,,,,,
4,B 4A 4G 4B 4A 4G 4A 4,[MM DD. Col 65.txt, MM DD. Col 8.txt, MDD. Col. 128.txt, MM DD. Col 68.txt],,,,,,,,,,,,,,
4,C 4B 3A 3G 3A 3B 3A 3,[MF(AV). Cd. XII 61.txt, NU_144.txt, MF(AV). Cd. XXVIII 3.txt, CBr. Col. 7.txt],,,,,,,,,,,,,,
4,C 4B 3A 3G 3G 3A 3B 3,[IP. Col. 95.txt, CBr. Cst. 45.txt, MF(AV). Cd. IV 7.txt, NU. Cvj. 207.txt],,,,,,,,,,,,,,
4,C 4B 3D 4C 4B 3A 3G 3,[NL_13.txt, maram_519.txt, MF(AV). Cd. XXVIII 3.txt, maram_176b.txt],,,,,,,,,,,,,,
4,C 4C 4G 3G 3G 3G 3G 3,[maram_244.txt, mio_248.txt, sul 416.txt, maram_136.txt],,,,,,,,,,,,,,
4,D 3D 3G 3G 3A 3A 3B 3,[GBr. Col. 187.txt, NU_248.txt, BB. C. 118.txt, NL_135.txt],,,,,,,,,,,,,,
4,D 4C 4B 3A 3B 3C 4B 3,[GBr. Col. 171.txt, GBr. Col. 27.txt, MF(AV). Cd. XXXI 7.txt, GB. Col. 2.txt],,,,,,,,,,,,,,
4,D 4C 4B 3A 3D 4C 4B 3,[maram_525.txt, NL_117.txt, Drg. Col. 290.txt, NU. Col. 111.txt],,,,,,,,,,,,,,
4,D 4C 4B 3A 3G 3F#3E 3,[MF(AV). Cd. XXVIII 10.txt, del 76.txt, AV. C propriu-zis. 113.txt, MF(AV). Cd. XII 7.txt],,,,,,,,,,,,,,
4,D 4C 4B 3G 3A 3F#3G 3,[NU. Cvj. 230.txt, GBr. Col. 199.txt, CBr. Col. p. 208.txt, del 7.txt],,,,,,,,,,,,,,
4,D 4C 4B 3G 3G 3G 3B 3,[Bog. Col. 204.txt, NU. Cvj. 258.txt, maram_330.txt, maram_320.txt],,,,,,,,,,,,,,
4,D 4D 4A 3C 4B 3A 3G 3,[MF(AV). Cd. XII 61.txt, CBr. Cst. 45.txt, TBred. Cpropriu-zis. nr. 134.txt, maram_323.txt],,,,,,,,,,,,,,
4,D 4D 4D 4A#3D 4D 4A#3,[mrz 186.txt, maram_59.txt, maram_381.txt, sul 277.txt],,,,,,,,,,,,,,
4,D 4D 4E 4D 4C 4D 4D 4,[mio_91.txt, IP. Bal. 13.txt, GBr. Col. 33.txt, DK_6.txt],,,,,,,,,,,,,,
4,D 4E 4D 4C 4B 3G 3G 3,[NU. Cvj. 258.txt, maram_330.txt, maram_320.txt, NL_200.txt],,,,,,,,,,,,,,
4,G 3A 3A 3G 3G 3A 3B 3,[CP.SCR. Doină. 12.txt, CP.SCR. Doină haid. 22.txt, IP. Col.183.txt, NU_187.txt],,,,,,,,,,,,,,
4,G 3A 3B 3B 3B 3B 3B 3,[sul 429.txt, maram_326a.txt, NU. Cvj. 233.txt, AV. C propriu-zis. 81.txt],,,,,,,,,,,,,,
4,G 3A 3B 3G 3G 3A 3B 3,[DK_148.txt, maram_253.txt, maram_252.txt, GBr. Col. 295.txt],,,,,,,,,,,,,,
4,G 3A 3G 3A 3G 3E 3E 3,[sul 92.txt, sul 91.txt, sul 98.txt, maram_124.txt],,,,,,,,,,,,,,
4,G 3A 3G 3E 3E 3E 3E 3,[maram_45.txt, mio_138.txt, GBr. Col. 3.txt, maram_124.txt],,,,,,,,,,,,,,
4,G 3A#3A#3A#3G 3G 3G 3,[maram_129.txt, sul 453.txt, maram_510.txt, maram_110.txt],,,,,,,,,,,,,,
4,G 3B 3C 4D 4E 4D 4C 4,[GBr. Col. 30.txt, mio_104.txt, mrz 54.txt, CB. Col. 346.txt],,,,,,,,,,,,,,
4,G 3B 3D 4D 4C 4B 3A 3,[MF(AV). Cd. XII 8.txt, MF(AV). Cd. IX 8.txt, BB1. Col. 7.txt, DK_97.txt],,,,,,,,,,,,,,
4,G 3B 3D 4D 4D 4D 4D 4,[NL_162.txt, mio_97.txt, Bog. Col. 204.txt, scor 13.txt],,,,,,,,,,,,,,
4,G 3C 4C 4C 4C 4,[GBr. Col. 242.txt, sul 285.txt, mrz 94.txt, sul 83.txt],,,,,,,,,,,,,,
4,G 3G 3A 3B 3A 3A 3G 3,[SDrg. Doina. 58.txt, maram_253.txt, maram_252.txt, AV. C propriu-zis. 81.txt],,,,,,,,,,,,,,
4,G 3G 3A 3B 3C 4B 3A 3,[del 110.txt, AV. C propriu-zis. 130.txt, BB. Col. 126.txt, NU. Cvj. 207.txt],,,,,,,,,,,,,,
4,G 3G 3G 3A#3A#3A#3G 3,[maram_129.txt, sul 453.txt, maram_510.txt, maram_110.txt],,,,,,,,,,,,,,
4,G 3G 3G 3B 3A 3A 3A 3,[MV. C. p.82.txt, maram_26.txt, maram_446.txt, scor 68.txt],,,,,,,,,,,,,,
4,G 3G 3G 3B 3D 4D 4D 4,[Bog. Col. 204.txt, maram_471a.txt, maram_329b.txt, maram_323.txt],,,,,,,,,,,,,,
4,G 3G 3G 3G 3G 3A 3A 3,[maram_117.txt, maram_344.txt, maram_23.txt, AV. C propriu-zis. 213.txt],,,,,,,,,,,,,,
4,G 3G 3G 3G 3G 3G 3A 3,[maram_117.txt, sul 416.txt, maram_23.txt, NU_188.txt],,,,,,,,,,,,,,
4,G 3G 3G 3G 3G 3G 3B 3,[maram_261.txt, maram_446.txt, sul 25.txt, maram_136.txt],,,,,,,,,,,,,,
3,A 3A 3A 3G 3A 3G 3G 3,[maram_34.txt, GBr. Col. 12..txt, sul 340.txt],,,,,,,,,,,,,,,
3,A 3A 3A 3G 3G 3A 3A 3,[BB. Cjoc. 272.txt, NU. Cvj. 220.txt, mrz 356.txt],,,,,,,,,,,,,,,
3,A 3A 3B 3A 3G 3F#3E 3,[GBr. Col. 241.txt, NU. Col. 97.txt, DK_97.txt],,,,,,,,,,,,,,,
3,A 3A 3E 4E 4D 4C 4B 3,[GBr. Col. 131.txt, mio_131.txt, mio_132.txt],,,,,,,,,,,,,,,
3,A 3A 3G 3A 3A 3G 3A 3,[Drg. Col. 136.txt, BB. Cjoc. 193.txt, sul 170.txt],,,,,,,,,,,,,,,
3,A 3A 3G 3A 3E 3E 3,[Drg. Col. 136.txt, mrz 48.txt, maram_122.txt],,,,,,,,,,,,,,,
3,A 3A 3G 3A 3E 3E 3E 3,[mrz 48.txt, Drg. Col. 136.txt, maram_122.txt],,,,,,,,,,,,,,,
3,A 3A 3G 3B 3C 4D 4E 4,[GBr. Col. 30.txt, CBr. Col. p. 208.txt, CB. Col. 346.txt],,,,,,,,,,,,,,,
3,A 3A 3G 3F#3D 3E 3,[TBred. Cpropriu-zis. nr. 116.txt, maram_390.txt, IP. Col. 100.txt],,,,,,,,,,,,,,,
3,A 3A 3G 3G 3A 3B 3G 3,[NU. Cvj. 158.txt, IP. Col.183.txt, NU_187.txt],,,,,,,,,,,,,,,
3,A 3A 3G 3G 3A 3G 3A 3,[maram_390.txt, CBr. Col. 17.txt, sul 88.txt],,,,,,,,,,,,,,,
3,A 3A 3G 3G 3G 3G 3G 3,[sul 413.txt, maram_24.txt, AV. C propriu-zis. 213.txt],,,,,,,,,,,,,,,
3,A 3B 3A 3A 3G 3G 3G 3,[GBr. Col. 213.txt, maram_24.txt, scor 66.txt],,,,,,,,,,,,,,,
3,A 3B 3A 3G 3B 3A 3G 3,[mrz 335.txt, maram_187.txt, sul 461.txt],,,,,,,,,,,,,,,
3,A 3B 3B 3D 4C 4B 3A 3,[CP.SCR. Doină. 12.txt, TBred. Cpropriu-zis. nr. 173.txt, del 61.txt],,,,,,,,,,,,,,,
3,A 3B 3C 4B 3A 3A 3A 3,[GBr. Col. 187.txt, del 114.txt, del 106.txt],,,,,,,,,,,,,,,
3,A 3B 3C 4D 4B 3A 3,[CBr. Cst. 61.txt, sul 362.txt, GBr. Col. 57.txt],,,,,,,,,,,,,,,
3,A 3B 3D 4C 4A 3A 3G 3,[MF(AV). Cd. VI 24.txt, NU_248.txt, sul 380.txt],,,,,,,,,,,,,,,
3,A 3B 3D 4C 4B 3A 3G 3,[CBr. Bal. 18.txt, MF(AV). Cd. XXVIII 10.txt, NU. Cvj. 149.txt],,,,,,,,,,,,,,,
3,A 3B 3G 3A 3A 3G 3G 3,[CP.SCR. Doină. 12.txt, EC. Col. 21.txt, NU_187.txt],,,,,,,,,,,,,,,
3,A 3B 3G 3G 3A 3B 3A 3,[maram_253.txt, BB. Col. 121e.txt, maram_252.txt],,,,,,,,,,,,,,,
3,A 3C 4B 3A 3B 3A 3G 3,[CB. Col. 347.txt, CB. Col. 402.txt, CB. Col. 417.txt],,,,,,,,,,,,,,,
3,A 3C 4B 3A 3G 3D 4D 4,[Drg. Col. 132.txt, MF(AV). Cd. XII 61.txt, CBr. Cst. 45.txt],,,,,,,,,,,,,,,
3,A 3D 3D 3G 3G 3A 3A 3,[GBr. Col. 187.txt, BB. Hore. 33a.txt, NU. Cvj. 154.txt],,,,,,,,,,,,,,,
3,A 3F 3E 3D 3A 3A 3,[CB. Col. 347.txt, CB. Col. 402.txt, CB. Col. 417.txt],,,,,,,,,,,,,,,
3,A 3G 3A 3G 3A 3G 3G 3,[sul 12.txt, maram_23.txt, sul 98.txt],,,,,,,,,,,,,,,
3,A 3G 3A 3G 3E 3E 3E 3,[sul 92.txt, sul 91.txt, sul 98.txt],,,,,,,,,,,,,,,
3,A 3G 3A 3G 3G 3G 3G 3,[maram_23.txt, sul 340.txt, maram_124.txt],,,,,,,,,,,,,,,
3,A 3G 3B 3B 3D 4E 4D 4,[mio_129.txt, mio_121.txt, mio_120.txt],,,,,,,,,,,,,,,
3,A 3G 3F#3A 3A 3G 3,[MF(AV). Cd. XVI 30.txt, sul 89.txt, GB. C propriu-zis. 9.txt],,,,,,,,,,,,,,,
3,A 3G 3F#3E 3D 3G 3A 3,[CBr. Col. 24.txt, CBr. Col. 6.txt, scor 140.txt],,,,,,,,,,,,,,,
3,A 3G 3G 3A 3A 3A 3A 3,[sul 429.txt, BB. Cjoc. 84.txt, sul 462.txt],,,,,,,,,,,,,,,
3,A 3G 3G 3A 3C 4B 3C 4,[NU_32.txt, NL_59.txt, NU. Cvj. 238.txt],,,,,,,,,,,,,,,
3,A#3A 3A 3G 3G 3G 3G 3,[maram_115.txt, maram_398.txt, maram_427.txt],,,,,,,,,,,,,,,
3,A#3A#3A 3A 3G 3G 3,[AV. C propriu-zis. 15.txt, maram_405.txt, maram_115.txt],,,,,,,,,,,,,,,
3,A#3A#3A 3A 3G 3G 3G 3,[AV. C propriu-zis. 15.txt, maram_405.txt, maram_115.txt],,,,,,,,,,,,,,,
3,A#3A#3A#3G 3G 3G 3,[maram_128.txt, sul 95.txt, maram_110.txt],,,,,,,,,,,,,,,
3,B 3A 3A 3G 3B 3A 3A 3,[mrz 374.txt, sul 179.txt, sul 118.txt],,,,,,,,,,,,,,,
3,B 3A 3A 3G 3E 3E 3,[scor 85.txt, mrz 374.txt, sul 118.txt],,,,,,,,,,,,,,,
3,B 3A 3A 3G 3G 3F#3E 3,[maram_485.txt, mrz 52.txt, sul 170.txt],,,,,,,,,,,,,,,
3,B 3A 3B 3A 3B 3A 3G 3,[maram_81.txt, sul 28.txt, sul 49.txt],,,,,,,,,,,,,,,
3,B 3A 3B 3A 3G 3F#3E 3,[mio_181.txt, sul 28.txt, GBr. Col. 10.txt],,,,,,,,,,,,,,,
3,B 3A 3B 3C 4B 3B 3A 3,[CBr. Cst. 39.txt, AV. C propriu-zis. 117.txt, GBr. Col. 189.txt],,,,,,,,,,,,,,,
3,B 3A 3B 3C 4D 4E 4D 4,[Drg. Col. 269.txt, Drg. Col. Nr. 31.txt, GBr. Col. 189.txt],,,,,,,,,,,,,,,
3,B 3A 3D 4C 4B 3D 4C 4,[Drg. Col. 290.txt, NU. Col. 111.txt, Drg. C. Nr. 19.txt],,,,,,,,,,,,,,,
3,B 3A 3G 3A 3A 3G 3G 3,[Drg. Col. 228.txt, mrz 372.txt, sul 429.txt],,,,,,,,,,,,,,,
3,B 3A 3G 3A 3B 3G 3G 3,[DK_148.txt, maram_149.txt, NU. Cvj. 170.txt],,,,,,,,,,,,,,,
3,B 3A 3G 3A 3G 3E 3E 3,[Drg. Col. 252.txt, BB. Col. 126.txt, sul 462.txt],,,,,,,,,,,,,,,
3,B 3A 3G 3A 3G 3F#3,[GBr. Col. 31.txt, del 76.txt, MF(AV). Cd. VIII 1.txt],,,,,,,,,,,,,,,
3,B 3A 3G 3B 3A 3G 3A 3,[GBr. Col. 31.txt, GBr. Col. 248.txt, maram_187.txt],,,,,,,,,,,,,,,
3,B 3A 3G 3B 3A 3G 3B 3,[CBr. Col. 28.txt, Drg. Col. Nr. 1.txt, sul 461.txt],,,,,,,,,,,,,,,
3,B 3A 3G 3F#3A 3G 3F#3,[TBred. Chaid. nr. 57.txt, MF(AV). Cd. XVIII 2.txt, MF(AV). Cd. XVI 29.txt],,,,,,,,,,,,,,,
3,B 3B 3A 3A 3B 3B 3,[DK_40.txt, MF(AV). Cd. XIII 1.txt, sul 47.txt],,,,,,,,,,,,,,,
3,B 3B 3A 3A 3G 3B 3G 3,[mrz 98.txt, scor 77.txt, GBr. Col. 8.txt],,,,,,,,,,,,,,,
3,B 3B 3A 3A 3G 3F#3E 3,[MF(AV). Cd. XXVIII 10.txt, GBr. Col. 16.txt, sul 390.txt],,,,,,,,,,,,,,,
3,B 3B 3A 3D 4B 3A 3,[maram_392.txt, MF(AV). Cd. IX 16.txt, MF(AV). Cd. XII 3.txt],,,,,,,,,,,,,,,
3,B 3B 3A 3G 3G 3A 3G 3,[maram_45.txt, sul 375.txt, CBr. Bal. 26.txt],,,,,,,,,,,,,,,
3,B 3B 3B 3B 3B 3D 4C 4,[CBr. Bal. 9.txt, sul 429.txt, AV. C propriu-zis. 81.txt],,,,,,,,,,,,,,,
3,B 3B 3D 4C 4B 3A 3A 3,[del 61.txt, GBr. Col. 57.txt, AV. C propriu-zis. 81.txt],,,,,,,,,,,,,,,
3,B 3B 3G 3A 3A 3A 3G 3,[del 159.txt, scor 91.txt, maram_468.txt],,,,,,,,,,,,,,,
3,B 3B 3G 3E 3E 3E 3,[BB. Bocet. 21f.txt, BB. Bocet. 20c.txt, maram_509.txt],,,,,,,,,,,,,,,
3,B 3C 4B 3A 3G 3A 3D 4,[Drg. Col. 228.txt, GBr. Col. 96.txt, NU. Col. 72.txt],,,,,,,,,,,,,,,
3,B 3C 4D 4C 4A 3,[MF(AV). Cd. III 17.txt, CBr. Col. 27.txt, MF(AV). Cd. XXIV 8.txt],,,,,,,,,,,,,,,
3,B 3D 4C 4B 3D 4C 4B 3,[mrz 189.txt, maram_176b.txt, NL_145.txt],,,,,,,,,,,,,,,
3,B 3D 4C 4B 3G 3A 3B 3,[GBr. Col. 295.txt, MF(AV). Cd. XXXI 7.txt, GB. Col. 2.txt],,,,,,,,,,,,,,,
3,B 3D 4D 4D 4B 3D 4D 4,[NU_264.txt, scor 8.txt, sul 277.txt],,,,,,,,,,,,,,,
3,B 3D 4D 4D 4D 4D 4D 4,[NL_162.txt, sul 362.txt, Bog. Col. 204.txt],,,,,,,,,,,,,,,
3,B 3D 4D 4E 4D 4D 4D 4,[sul 470.txt, mio_128.txt, mrz 98.txt],,,,,,,,,,,,,,,
3,B 3G 3A 3A 3G 3G 3B 3,[EC. Col. 21.txt, SDrg. Cjoc. 67.txt, SDrg. Cjoc. 61.txt],,,,,,,,,,,,,,,
3,B 3G 3A 3G 3G 3G 3G 3,[maram_518.txt, mio_138.txt, mrz 98.txt],,,,,,,,,,,,,,,
3,B 4A 4E 5E 5D 5C 5B 4,[MDD. Col. 162.txt, MDD. Col. 167.txt, MDD. Col. 164.txt],,,,,,,,,,,,,,,
3,B 4B 4E 5D 5C 5B 4A 4,[MM DD. Col 27.txt, MDD. Col. 164.txt, MDD. Col. 134.txt],,,,,,,,,,,,,,,
3,C 4A 3G 3A 3A 3G 3G 3,[NU_32.txt, NL_141.txt, Drg. Doină. Nr. 4.txt],,,,,,,,,,,,,,,
3,C 4B 3A 3D 4C 4B 3G 3,[maram_82.txt, NL_117.txt, Drg. Col. 140.txt],,,,,,,,,,,,,,,
3,C 4B 3A 3G 3B 3A 3B 3,[Drg. Col. 269.txt, maram_449.txt, GBr. Col. 4.txt],,,,,,,,,,,,,,,
3,C 4B 3A 3G 3B 3D 4D 4,[NU. Col. 63.txt, GB. Col. 4.txt, DK_97.txt],,,,,,,,,,,,,,,
3,C 4B 3A 3G 3G 3G 3A 3,[Drg. Col. 266.txt, BB. Hore. 102.txt, BB. Col. 30b.txt],,,,,,,,,,,,,,,
3,C 4B 3B 3A 3A 3G 3B 3,[GBr. Col. 30.txt, NU. Cvj. 173.txt, CB. Col. 346.txt],,,,,,,,,,,,,,,
3,C 4B 3D 4C 4A 3A 3,[maram_352.txt, Drg. Col. 123.txt, maram_522.txt],,,,,,,,,,,,,,,
3,C 4B 3D 4C 4A 3A 3G 3,[maram_352.txt, BB. Col. 114a.txt, CBr. Cst. 41.txt],,,,,,,,,,,,,,,
3,C 4B 3D 4C 4B 3G 3A 3,[Drg. C. Nr. 19.txt, maram_311.txt, del 7.txt],,,,,,,,,,,,,,,
3,C 4B 3G 3G 3G 3A 3A 3,[NL_56.txt, maram_468.txt, NL_200.txt],,,,,,,,,,,,,,,
3,C 4C 4B 3A 3A 3G 3G 3,[NU. Cvj. 173.txt, maram_351b.txt, maram_455.txt],,,,,,,,,,,,,,,
3,C 4C 4B 3D 4C 4A 3A 3,[BB. Col. 114a.txt, Drg. Col. 123.txt, CBr. Cst. 41.txt],,,,,,,,,,,,,,,
3,C 4D 4D 4C 4A#3A 3G 3,[maram_27.txt, NU. Cvj. 202.txt, maram_367.txt],,,,,,,,,,,,,,,
3,C 4D 4E 4D 4C 4B 3G 3,[mrz 54.txt, NU. Cvj. 258.txt, del 118.txt],,,,,,,,,,,,,,,
3,C 5B 4A 4G 4A 4A 4G 4,[MDD. C.P. 293.txt, , MDD. C.P. 253.txt],,,,,,,,,,,,,,,
3,C 5B 4G 4A 4A 4G 4B 4,[75a.txt, MDD. Col. 122.txt, MM DD. Col 133.txt],,,,,,,,,,,,,,,
3,C 5B 4G 4A 4A 4G 4D 5,[, MDD. Col. 195.txt, MDD. Col. 118.txt],,,,,,,,,,,,,,,
3,D 3D 3G 3G 3A 3B 3G 3,[maram_279.txt, TBred. Cpropriu-zis. nr. 173.txt, IP. Bal. 149.txt],,,,,,,,,,,,,,,
3,D 3D 3G 3G 3G 3G 3G 3,[sul 87.txt, sul 429.txt, NU_188.txt],,,,,,,,,,,,,,,
3,D 3E 3G 3G 3G 3G 3G 3,[sul 87.txt, maram_344.txt, scor 40.txt],,,,,,,,,,,,,,,
3,D 3G 3A 3B 3A 3G 3B 3,[AV. C propriu-zis. 76.txt, maram_253.txt, maram_252.txt],,,,,,,,,,,,,,,
3,D 3G 3A 3B 3C 4B 3A 3,[NU. Cvj. 158.txt, del 106.txt, Drg. Doină. Nr. 22.txt],,,,,,,,,,,,,,,
3,D 3G 3F#3G 3A 3B 3G 3,[maram_157.txt, NU. Cvj. 187.txt, CBr. Col. 19.txt],,,,,,,,,,,,,,,
3,D 3G 3G 3A 3A 3B 3B 3,[maram_475a.txt, maram_475b.txt, NU. Cvj. 227.txt],,,,,,,,,,,,,,,
3,D 3G 3G 3G 3A 3G 3,[GB. Col. 9.txt, TBred. Cpropriu-zis. nr. 104.txt, del 124.txt],,,,,,,,,,,,,,,
3,D 4B 3C 4B 3A 3G 3A 3,[Drg. Col. 228.txt, NU. Col. 72.txt, MF(AV). Cd. XVI 29.txt],,,,,,,,,,,,,,,
3,D 4C 4B 3A 3B 3A 3G 3,[BB. C. 232.txt, maram_348.txt, MF(AV). Cd. VII 3.txt],,,,,,,,,,,,,,,
3,D 4C 4B 3A 3B 3B 3D 4,[maram_180.txt, maram_181.txt, GBr. Col. 40.txt],,,,,,,,,,,,,,,
3,D 4C 4B 3A 3D 4C 4A 3,[NU. Cvj. 165.txt, NL_59.txt, GB. C propriu-zis. 9.txt],,,,,,,,,,,,,,,
3,D 4C 4B 3A 3G 3B 3A 3,[maram_519.txt, Drg. Col. Nr. 1.txt, mio_132.txt],,,,,,,,,,,,,,,
3,D 4C 4B 3D 4C 4B 3D 4,[scor 19.txt, mrz 189.txt, NL_145.txt],,,,,,,,,,,,,,,
3,D 4C 4B 3G 3A 3C 4B 3,[MF(AV). Cd. XVIII 2.txt, Drg. Col. 140.txt, maram_311.txt],,,,,,,,,,,,,,,
3,D 4C 4B 3G 3B 3A 3G 3,[mio_104.txt, CBr. Col. 27.txt, Drg. Col. 244.txt],,,,,,,,,,,,,,,
3,D 4C 4D 4D 4B 3C 4B 3,[mio_91.txt, maram_194b.txt, CBr. Col. p. 253.txt],,,,,,,,,,,,,,,
3,D 4C#4D 4E 4D 4C 4B 3,[mio_111.txt, maram_188.txt, del 7.txt],,,,,,,,,,,,,,,
3,D 4D 4B 3D 4D 4D 4D 4,[NU. C. Nr. 5.txt, sul 362.txt, sul 277.txt],,,,,,,,,,,,,,,
3,D 4D 4C 4A#3G 3A 3A#3,[GBr. Col. 242.txt, MF(AV). Cd. VI 26.txt, MF(AV). Cd. IV 142.txt],,,,,,,,,,,,,,,
3,D 4D 4C 4C 4B 3B 3G 3,[mio_129.txt, scor 73.txt, mio_120.txt],,,,,,,,,,,,,,,
3,D 4D 4C#4A#3A 3G 3G 3,[sul 140.txt, maram_373.txt, DK_87.txt],,,,,,,,,,,,,,,
3,D 4D 4D 4A#3G 3G 3G 3,[maram_144.txt, maram_445.txt, maram_385.txt],,,,,,,,,,,,,,,
3,D 4D 4D 4B 3D 4D 4B 3,[NU_264.txt, scor 8.txt, sul 277.txt],,,,,,,,,,,,,,,
3,D 4D 4D 4C 4B 3A 3B 3,[NU. Cvj. 224.txt, GBr. Col. 27.txt, GB. Col. 2.txt],,,,,,,,,,,,,,,
3,D 4D 4D 4D 4A 3G 3,[BB. Hore. 88c.txt, BB. Hore. 116.txt, BB. Hore. 73e.txt],,,,,,,,,,,,,,,
3,D 4D 4D 4D 4E 4C 4C 4,[CBr. Cst. 42.txt, scor 13.txt, CBr. Cst. 41.txt],,,,,,,,,,,,,,,
3,D 4D 4D 4E 4E 4E 4C 4,[BB. Col. 128b.txt, maram_471a.txt, maram_329b.txt],,,,,,,,,,,,,,,
3,D 4D 4E 4D 4C 4C 4,[maram_57.txt, NL_208.txt, TBred. Col. nr. 292.txt],,,,,,,,,,,,,,,
3,D 4D 4E 4D 4C 4E 4D 4,[del 1.txt, maram_194b.txt, DK_6.txt],,,,,,,,,,,,,,,
3,D 4D 4E 4D 4E 4D 4G 4,[MF(AV). Cd. XXIX 42.txt, GBr. Col. 196.txt, maram_81.txt],,,,,,,,,,,,,,,
3,D 4D 4E 4E 4D 4D 4D 4,[NU. Cvj. 224.txt, maram_188.b.txt, GBr. Col. 285.txt],,,,,,,,,,,,,,,
3,D 4D 4G 4D 4E 4D 4D 4,[maram_317.txt, GBr. Col. 131.txt, mio_132.txt],,,,,,,,,,,,,,,
3,D 4E 4C 4B 3A 3G 3B 3,[NL_25.txt, Drg. Col. 269.txt, NL_24.txt],,,,,,,,,,,,,,,
3,D 4E 4D 4C 4G 3B 3D 4,[mio_129.txt, TBred. Cpropriu-zis. nr. 74.txt, mio_120.txt],,,,,,,,,,,,,,,
3,D 4G 4D 4E 4C 4B 3G 3,[maram_430.txt, maram_351a.txt, maram_351b.txt],,,,,,,,,,,,,,,
3,D 5D 5D 5E 5D 5C 5B 4,[, MDD. Col. 167.txt, MDD. Col. 118.txt],,,,,,,,,,,,,,,
3,D 5D 5E 5D 5C 5,[, MDD. Col. 122.txt, MDD. Col. 118.txt],,,,,,,,,,,,,,,
3,D 5D 5E 5D 5C 5B 4A 4,[MM DD. Col 27.txt, MDD. Col. 167.txt, MDD. Col. 134.txt],,,,,,,,,,,,,,,
3,E 3D 3G 3A 3B 3A 3A 3,[TBred. Cpropriu-zis. nr. 172.txt, SDrg. Doina. 58.txt, scor 140.txt],,,,,,,,,,,,,,,
3,E 3D 3G 3A 3B 3G 3G 3,[TBred. Cpropriu-zis. nr. 155.txt, maram_253.txt, maram_252.txt],,,,,,,,,,,,,,,
3,E 3E 3E 3D 3D 3G 3G 3,[sul 87.txt, maram_344.txt, scor 45.txt],,,,,,,,,,,,,,,
3,E 3E 3E 3E 3E 3E 3E 3,[maram_253.txt, maram_252.txt, sul 463.txt],,,,,,,,,,,,,,,
3,E 3F#3G 3A 3B 3A 3G 3,[del 76.txt, maram_366.txt, GBr. Col. 10.txt],,,,,,,,,,,,,,,
3,E 3G 3G 3A 3G 3,[CB. Col. 604.txt, maram_411.txt, NU. Cvj. 143.txt],,,,,,,,,,,,,,,
3,E 3G 3G 3G 3A 3A 3G 3,[maram_118.txt, maram_127.txt, maram_122.txt],,,,,,,,,,,,,,,
3,E 4A 4B 4C 5B 4G 4B 4,[MM DD. Col 43.txt, MDD. Col. 123.txt, MM DD. Col 48.txt],,,,,,,,,,,,,,,
3,E 4D 4C 4B 3A 3B 3A 3,[mio_103.txt, maram_348.txt, maram_188.txt],,,,,,,,,,,,,,,
3,E 4D 4C 4B 3A 3E 4E 4,[maram_188.b.txt, maram_181.txt, maram_188.txt],,,,,,,,,,,,,,,
3,E 4D 4C 4B 3A 3G 3G 3,[AV. C propriu-zis. 95.txt, maram_517.txt, BB. Hore. 75.txt],,,,,,,,,,,,,,,
3,E 4D 4C 4B 3C 4D 4B 3,[Drg. Col. 158.txt, CBr. Col. 1.txt, NL_23.txt],,,,,,,,,,,,,,,
3,E 4D 4D 4C 4B 3A 3A 3,[CP.SCR. Col. 2.txt, DK_53.txt, del 113.txt],,,,,,,,,,,,,,,
3,E 4E 4D 4B 3B 3A 3A 3,[MF(AV). Cd. X 30.txt, mrz 98.txt, DK_40.txt],,,,,,,,,,,,,,,
3,E 4E 4D 4C 4B 3B 3A 3,[MF(AV). Cd. XXVIII 10.txt, maram_449.txt, DK_40.txt],,,,,,,,,,,,,,,
3,E 4E 4E 4E 4E 4E 4D 4,[sul 257.txt, BB. Hore. 107.txt, DK_18.txt],,,,,,,,,,,,,,,
3,E 4E 4E 4E 4E 4E 4E 4,[NL_225.txt, DK_18.txt, MDD. C.J. 302.txt],,,,,,,,,,,,,,,
3,F#3G 3F#3E 3A 3G 3F#3,[sul 90.txt, IP. Col.195.txt, del 76.txt],,,,,,,,,,,,,,,
3,G 3A 3A 3A 3A 3B 3G 3,[scor 64.txt, BB. Cjoc. 84.txt, sul 170.txt],,,,,,,,,,,,,,,
3,G 3A 3A 3A 3A 3G 3G 3,[MF(AV). Cd. XVI 22.txt, mrz 163.txt, mrz 356.txt],,,,,,,,,,,,,,,
3,G 3A 3A 3A 3B 3A 3A 3,[scor 85.txt, scor 75.txt, scor 66.txt],,,,,,,,,,,,,,,
3,G 3A 3A 3B 3D 4C 4A 3,[GBr. Col. 187.txt, NU_248.txt, sul 380.txt],,,,,,,,,,,,,,,
3,G 3A 3A 3G 3D 3A 3A 3,[CP.SCR. Doină. 17.txt, MF(AV). Cd. VII 3.txt, IP. Bal. 149.txt],,,,,,,,,,,,,,,
3,G 3A 3A 3G 3E 3E 3E 3,[BB. Hore. 124.txt, maram_118.txt, EC. Cn. 34.txt],,,,,,,,,,,,,,,
3,G 3A 3A#3A 3A#3A 3G 3,[AV. C propriu-zis. 113.txt, TBred. Cpropriu-zis. nr. 144.txt, BB. Cjoc. 260.txt],,,,,,,,,,,,,,,
3,G 3A 3B 3A 3G 3B 3A 3,[GBr. Col. 13.txt, maram_187.txt, sul 461.txt],,,,,,,,,,,,,,,
3,G 3A 3B 3B 3D 4C 4B 3,[CP.SCR. Doină. 12.txt, maram_176b.txt, MF(AV). Cd. XXXI 7.txt],,,,,,,,,,,,,,,
3,G 3A 3B 3C 4B 3A 3B 3,[del 110.txt, GB. Col. 12.txt, BB. Col. 126.txt],,,,,,,,,,,,,,,
3,G 3A 3B 3D 4B 3A 3A 3,[BB. Hore. 57a.txt, AV. C propriu-zis. 80.txt, maram_44.txt],,,,,,,,,,,,,,,
3,G 3A 3B 3G 3A 3B 3G 3,[NU. Cvj. 224.txt, DK_116.txt, GBr. Col. 295.txt],,,,,,,,,,,,,,,
3,G 3A 3G 3F#3E 3A 3G 3,[GBr. Col. 19.txt, maram_356.txt, GBr. Col. 174.txt],,,,,,,,,,,,,,,
3,G 3A 3G 3G 3G 3G 3A 3,[sul 340.txt, maram_492.txt, maram_124.txt],,,,,,,,,,,,,,,
3,G 3A 3G 3G 3G 3G 3G 3,[maram_117.txt, mrz 98.txt, maram_23.txt],,,,,,,,,,,,,,,
3,G 3B 3A 3A 3A 3G 3E 3,[sul 392.txt, sul 377.txt, MF(AV). Cd. XV 10.txt],,,,,,,,,,,,,,,
3,G 3B 3A 3A 3B 3A 3G 3,[BB. Col. 121g.txt, maram_165.b.txt, maram_165.txt],,,,,,,,,,,,,,,
3,G 3B 3A 3G 3B 3C 4D 4,[mio_104.txt, CBr. Col. 27.txt, CBr. Col. 28.txt],,,,,,,,,,,,,,,
3,G 3B 3B 3D 4C 4B 3A 3,[GB. C propriu-zis. 10.txt, GBr. Col. 57.txt, maram_331.txt],,,,,,,,,,,,,,,
3,G 3B 3D 4C 4B 3G 3,[NU. Cvj. 258.txt, maram_330.txt, maram_320.txt],,,,,,,,,,,,,,,
3,G 3B 3D 4D 4E 4D 4C 4,[IP. Bal. 13.txt, scor 111.txt, GBr. Col. 33.txt],,,,,,,,,,,,,,,
3,G 3B 3D 4D 4G 4D 4E 4,[GBr. Col. 131.txt, mio_131.txt, mio_132.txt],,,,,,,,,,,,,,,
3,G 3C 4A#3G 3G 3,[DK_154.txt, Drg. Col. 286.txt, IP. Col.175.txt],,,,,,,,,,,,,,,
3,G 3D 3B 3B 3B 3A 3B 3,[IP. Cşez. 50.txt, del 114.txt, maram_441.txt],,,,,,,,,,,,,,,
3,G 3D 3G 3A 3A#3G 3A 3,[BB. Hore. 54a.txt, Drg. Col. Nr. 25.txt, Drg. Col. 166a.txt],,,,,,,,,,,,,,,
3,G 3D 4D 4D 4C 4B 3A 3,[NU. Col. 121.txt, MF(AV). Cd. XVI 30.txt, GBr. Col. 27.txt],,,,,,,,,,,,,,,
3,G 3F 3G 3F 3G 3F 3G 3,[sul 30.txt, sul 35.txt, sul 36.txt],,,,,,,,,,,,,,,
3,G 3F#3D 3E 3F#3G 3B 3,[scor 99.txt, MF(AV). Cd. XXVIII 2.txt, MF(AV). Cd. XVI 26.txt],,,,,,,,,,,,,,,
3,G 3F#3E 3A 3G 3F#3E 3,[GBr. Col. 16.txt, IP. Col.195.txt, GBr. Col. 174.txt],,,,,,,,,,,,,,,
3,G 3F#3G 3A 3G 3E 3E 3,[mio_177.txt, mio_72.txt, mrz 46.txt],,,,,,,,,,,,,,,
3,G 3F#3G 3A 3G 3F#3E 3,[MF(AV). Cd. XXIII 3.txt, NU. Cvj. 227.txt, maram_363.txt],,,,,,,,,,,,,,,
3,G 3G 3A 3A 3A 3A 3A 3,[sul 429.txt, AV. C propriu-zis. 114.txt, sul 462.txt],,,,,,,,,,,,,,,
3,G 3G 3A 3A 3A 3G 3A 3,[maram_34.txt, sul 340.txt, sul 170.txt],,,,,,,,,,,,,,,
3,G 3G 3A 3A 3E 3E 3E 3,[sul 228.txt, maram_344.txt, BB. Cjoc. 281.txt],,,,,,,,,,,,,,,
3,G 3G 3A 3B 3C 4A 3C 4,[Drg. Col. 276.txt, Drg. Col. 123.txt, GBr. Col. 166.txt],,,,,,,,,,,,,,,
3,G 3G 3B 3B 3D 4D 4C 4,[maram_279.txt, MF(AV). Cd. VI 26.txt, MF(AV). Cd. IV 142.txt],,,,,,,,,,,,,,,
3,G 3G 3B 3G 3A 3A 3A 3,[maram_327.txt, maram_397.txt, NU. Cvj. 258.txt],,,,,,,,,,,,,,,
3,G 3G 3E 3G 3E 3G 3E 3,[sul 69.txt, sul 30.txt, sul 97.txt],,,,,,,,,,,,,,,
3,G 3G 3G 3A 3A 3G 3A 3,[maram_117.txt, maram_122.txt, maram_23.txt],,,,,,,,,,,,,,,
3,G 3G 3G 3A 3B 3D 4B 3,[BB. Hore. 57a.txt, BB. Hore. 57b.txt, maram_228.txt],,,,,,,,,,,,,,,
3,G 3G 3G 3D 4D 4C 4D 4,[Drg. Col. 131.txt, maram_528.txt, IP. C. 138.txt],,,,,,,,,,,,,,,
3,G 3G 3G 3G 3B 3B 3A 3,[TBred. Col. nr. 297.txt, maram_490.txt, IP. Col.104.txt],,,,,,,,,,,,,,,
3,G 3G 3G 3G 3G 3D 3G 3,[maram_62.txt, MF(AV). Cd. IV 108.txt, maram_229.txt],,,,,,,,,,,,,,,
2,A 3A 3A 3A 3B 3A 3G 3,[BB. C. 223.txt, DK_97.txt],,,,,,,,,,,,,,,,
2,A 3A 3A 3A 3C 4B 3A 3,[sul 247.txt, IP. Bal. 150.txt],,,,,,,,,,,,,,,,
2,A 3A 3A 3A 3C 4C 4B 3,[BB. Col. 114a.txt, BB. Col. 121e.txt],,,,,,,,,,,,,,,,
2,A 3A 3A 3A 3G 3G 3E 3,[mrz 163.txt, mio_51.txt],,,,,,,,,,,,,,,,
2,A 3A 3A 3B 3A 3A 3G 3,[NU. Cvj. 178.txt, TBred. Cpropriu-zis. nr. 235.txt],,,,,,,,,,,,,,,,
2,A 3A 3A 3B 3B 3A 3B 3,[mrz 335.txt, sul 346.txt],,,,,,,,,,,,,,,,
2,A 3A 3A 3B 3C 4D 4B 3,[GBr. Col. 57.txt, del 159.txt],,,,,,,,,,,,,,,,
2,A 3A 3A 3G 3A 3B 3A 3,[sul 442.txt, del 114.txt],,,,,,,,,,,,,,,,
2,A 3A 3A 3G 3F#3D 3E 3,[IP. Col. 100.txt, sul 436.txt],,,,,,,,,,,,,,,,
2,A 3A 3A 3G 3G 3E 3E 3,[BB. Col. 126.txt, mio_51.txt],,,,,,,,,,,,,,,,
2,A 3A 3A#3A 3G 3G 3,[maram_404b.txt, maram_404a.txt],,,,,,,,,,,,,,,,
2,A 3A 3B 3A 3A 3A 3G 3,[sul 377.txt, sul 462.txt],,,,,,,,,,,,,,,,
2,A 3A 3B 3A 3A 3G 3D 3,[TBred. Cpropriu-zis. nr. 235.txt, sul 179.txt],,,,,,,,,,,,,,,,
2,A 3A 3B 3A 3A 3G 3E 3,[sul 118.txt, IP. Bal. 149.txt],,,,,,,,,,,,,,,,
2,A 3A 3B 3A 3A 3G 3G 3,[NU. Cvj. 178.txt, scor 66.txt],,,,,,,,,,,,,,,,
2,A 3A 3B 3B 3A 3A 3G 3,[mio_103.txt, mrz 48.txt],,,,,,,,,,,,,,,,
2,A 3A 3B 3B 3B 3B 3D 4,[scor 99.txt, NL_136.txt],,,,,,,,,,,,,,,,
2,A 3A 3B 3C 4D 4B 3B 3,[NU. Col. 106.txt, del 159.txt],,,,,,,,,,,,,,,,
2,A 3A 3C 4B 3G 3G 3G 3,[NL_56.txt, maram_349.txt],,,,,,,,,,,,,,,,
2,A 3A 3D 4C 4B 3A 3G 3,[Drg. Col. 252.txt, MF(AV). Cd. X 30.txt],,,,,,,,,,,,,,,,
2,A 3A 3G 3A 3B 3G 3A 3,[del 128.txt, AV. C propriu-zis. 74.txt],,,,,,,,,,,,,,,,
2,A 3A 3G 3A 3B 3G 3B 3,[maram_490.txt, CBr. Bal. 26.txt],,,,,,,,,,,,,,,,
2,A 3A 3G 3A 3C 4B 3A 3,[MF(AV). Cd. VII 3.txt, maram_469.txt],,,,,,,,,,,,,,,,
2,A 3A 3G 3D 3A 3A 3B 3,[scor 91.txt, IP. Bal. 149.txt],,,,,,,,,,,,,,,,
2,A 3A 3G 3D 4C 4B 3B 3,[MF(AV). Cd. XVI 23.txt, scor 129.txt],,,,,,,,,,,,,,,,
2,A 3A 3G 3D 4D 4D 4E 4,[BB. Col. 128b.txt, CB. Col. 344.txt],,,,,,,,,,,,,,,,
2,A 3A 3G 3E 3G 3B 3A 3,[MF(AV). Cd. IV 149.txt, maram_131.txt],,,,,,,,,,,,,,,,
2,A 3A 3G 3E 3G 3G 3G 3,[maram_118.txt, maram_122.txt],,,,,,,,,,,,,,,,
2,A 3A 3G 3F#3G 3F#3E 3,[NU. Cvj. 137.txt, MF(AV). Cd. XVIII 17.txt],,,,,,,,,,,,,,,,
2,A 3A 3G 3G 3A 3A 3G 3,[CP.SCR. Doină. 17.txt, mrz 356.txt],,,,,,,,,,,,,,,,
2,A 3A 3G 3G 3A 3B 3A 3,[GBr. Col. 241.txt, CP.SCR. Doină haid. 22.txt],,,,,,,,,,,,,,,,
2,A 3A 3G 3G 3A 3B 3B 3,[CP.SCR. Doină. 12.txt, scor 77.txt],,,,,,,,,,,,,,,,
2,A 3A 3G 3G 3F#3A 3D 3,[NU. Cvj. 183.txt, EC. C.propriu-zis. 124.txt],,,,,,,,,,,,,,,,
2,A 3A#3A#3A 3G 3E 3F#3,[MF(AV). Cd. XIX 7.txt, AV. C propriu-zis. 157.txt],,,,,,,,,,,,,,,,
2,A 3B 3A 3B 3A 3A 3E 3,[CBr. Cst. 34.txt, maram_362.txt],,,,,,,,,,,,,,,,
2,A 3B 3A 3G 3A 3A 3A 3,[BB. C. 232.txt, sul 346.txt],,,,,,,,,,,,,,,,
2,A 3B 3A 3G 3A 3A 3G 3,[mrz 372.txt, mio_189.txt],,,,,,,,,,,,,,,,
2,A 3B 3A 3G 3A 3B 3A 3,[SDrg. Doina. 13.txt, BB. Hore. 79a.txt],,,,,,,,,,,,,,,,
2,A 3B 3A 3G 3A 3B 3E 4,[MF(AV). Cd. IV 130.txt, mio_189.txt],,,,,,,,,,,,,,,,
2,A 3B 3A 3G 3A 3G 3F#3,[del 76.txt, MF(AV). Cd. VIII 1.txt],,,,,,,,,,,,,,,,
2,A 3B 3A 3G 3F#3E 3E 3,[GBr. Col. 241.txt, mio_181.txt],,,,,,,,,,,,,,,,
2,A 3B 3A 3G 3F#3E 3G 3,[sul 28.txt, del 128.txt],,,,,,,,,,,,,,,,
2,A 3B 3A 3G 3F#3G 3G 3,[mio_181.txt, MF(AV). Cd. XVI 39.txt],,,,,,,,,,,,,,,,
2,A 3B 3A 3G 3G 3F#3E 3,[mrz 52.txt, CP.SCR. CCat. 28.txt],,,,,,,,,,,,,,,,
2,A 3B 3B 3A 3G 3A 3B 3,[sul 168.txt, MF(AV). Cd. XIII 1.txt],,,,,,,,,,,,,,,,
2,A 3B 3B 3B 3A 3G 3E 3,[scor 64.txt, maram_44.txt],,,,,,,,,,,,,,,,
2,A 3B 3B 3B 3B 3B 3E 4,[del 113.txt, NU. Cvj. 233.txt],,,,,,,,,,,,,,,,
2,A 3B 3B 3B 3B 3D 4D 4,[IP. Col. 95.txt, scor 99.txt],,,,,,,,,,,,,,,,
2,A 3B 3B 3D 4B 3A 3G 3,[maram_180.txt, IP. Cşez. 15.txt],,,,,,,,,,,,,,,,
2,A 3B 3B 3D 4B 3C 4D 4,[NU. Cvj. 202.txt, maram_67.txt],,,,,,,,,,,,,,,,
2,A 3B 3C 4B 3A 3A 3G 3,[SDrg. Cjoc. 67.txt, SDrg. Cjoc. 61.txt],,,,,,,,,,,,,,,,
2,A 3B 3C 4B 3A 3G 3E 3,[CP.SCR. Doină. 13.txt, NU. Cvj. 254.txt],,,,,,,,,,,,,,,,
2,A 3B 3C 4B 3B 3A 3G 3,[AV. C propriu-zis. 117.txt, SDrg. Doina. 25.txt],,,,,,,,,,,,,,,,
2,A 3B 3C 4B 3B 3D 4C 4,[sul 406.txt, TBred. Col. nr. 292.txt],,,,,,,,,,,,,,,,
2,A 3B 3C#4B 3A 3,[scor 10.txt, MF(AV). Cd. IV 88.txt],,,,,,,,,,,,,,,,
2,A 3B 3D 4A 3A 3G 3G 3,[sul 413.txt, maram_188.txt],,,,,,,,,,,,,,,,
2,A 3B 3D 4B 3A 3A 3G 3,[BB. Hore. 57a.txt, AV. C propriu-zis. 80.txt],,,,,,,,,,,,,,,,
2,A 3B 3D 4C 4A 3G 3G 3,[del 110.txt, NU_269.txt],,,,,,,,,,,,,,,,
2,A 3B 3G 3G 3A 3B 3C 4,[TBred. Cpropriu-zis. nr. 191.txt, DK_148.txt],,,,,,,,,,,,,,,,
2,A 3B 3G 3G 3G 3A 3B 3,[CBr. Bal. 16.txt, maram_228.txt],,,,,,,,,,,,,,,,
2,A 3C 4B 3A 3G 3B 3A 3,[AV. C propriu-zis. 130.txt, MF(AV). Cd. XVIII 2.txt],,,,,,,,,,,,,,,,
2,A 3C 4B 3A 3G 3G 3G 3,[BB. Hore. 102.txt, maram_323.txt],,,,,,,,,,,,,,,,
2,A 3C 4C 4B 3D 4C 4A 3,[BB. Col. 114a.txt, Drg. Col. 123.txt],,,,,,,,,,,,,,,,
2,A 3D 3D 3D 3D 3D 3D 3,[maram_253.txt, maram_252.txt],,,,,,,,,,,,,,,,
2,A 3D 3G 3A 3B 3G 3A 3,[CP.SCR. Doină. 12.txt, BB. C. 244.txt],,,,,,,,,,,,,,,,
2,A 3D 4C 4B 3E 4E 4D 4,[DK_40.txt, maram_149.txt],,,,,,,,,,,,,,,,
2,A 3D 4C 4B 3G 3G 3A 3,[NL_117.txt, NU. Cvj. 220.txt],,,,,,,,,,,,,,,,
2,A 3D 4C 4C 4B 3B 3A 3,[AV. C propriu-zis. 117.txt, MF(AV). Cd. XXV 24.txt],,,,,,,,,,,,,,,,
2,A 3F#3G 3F#3G 3B 3,[GBr. Col. 173.txt, MF(AV). Cd. XXIV 2.txt],,,,,,,,,,,,,,,,
2,A 3F#3G 3F#3G 3B 3G 3,[MF(AV). Cd. XXIV 2.txt, GBr. Col. 173.txt],,,,,,,,,,,,,,,,
2,A 3G 3A 3A 3G 3E 3G 3,[MF(AV). Cd. IV 149.txt, BB. Cjoc. 193.txt],,,,,,,,,,,,,,,,
2,A 3G 3A 3G 3A 3G 3A 3,[EC. C.propriu-zis. 110a.txt, maram_23.txt],,,,,,,,,,,,,,,,
2,A 3G 3B 3A 3G 3B 3,[IP. Cj. 69.txt, Drg. Col. Nr. 1.txt],,,,,,,,,,,,,,,,
2,A 3G 3B 3B 3D 4C 4B 3,[GB. C propriu-zis. 10.txt, maram_331.txt],,,,,,,,,,,,,,,,
2,A 3G 3C 4E 4D 4C 4B 3,[DK_53.txt, GBr. Col. 100.txt],,,,,,,,,,,,,,,,
2,A 3G 3D 3C 4D 4D#4G 4,[maram_404b.txt, maram_404a.txt],,,,,,,,,,,,,,,,
2,A 3G 3D 3E 3E 3G 3A 3,[GBr. Col. 79.txt, NL_62.txt],,,,,,,,,,,,,,,,
2,A 3G 3D 3G 3B 3D 4C 4,[NL_20.txt, maram_149.txt],,,,,,,,,,,,,,,,
2,A 3G 3D 4C 4A 3G 3A 3,[TBred. Cpropriu-zis. nr. 172.txt, Drg. Doină. Nr. 4.txt],,,,,,,,,,,,,,,,
2,A 3G 3D 4D 4D 4C 4B 3,[Drg. Col. 132.txt, MF(AV). Cd. XVI 30.txt],,,,,,,,,,,,,,,,
2,A 3G 3E 3E 3G 3G 3A 3,[maram_411.txt, BB. Col. 126.txt],,,,,,,,,,,,,,,,
2,A 3G 3E 3G 3D 3E 3G 3,[sul 176.txt, sul 113.txt],,,,,,,,,,,,,,,,
2,A 3G 3F 3E 3G 3G 3A 3,[CB. Col. 604.txt, MF(AV). Cd. VI 24.txt],,,,,,,,,,,,,,,,
2,A 3G 3F#3E 3E 3D 3G 3,[TBred. Cpropriu-zis. nr. 171.txt, mio_181.txt],,,,,,,,,,,,,,,,
2,A 3G 3F#3E 3E 3F#3G 3,[MF(AV). Cd. XXVIII 10.txt, IP. Col.195.txt],,,,,,,,,,,,,,,,
2,A 3G 3F#3G 3A 3B 3A 3,[GBr. Col. 57.txt, NU. Cvj. 143.txt],,,,,,,,,,,,,,,,
2,A 3G 3F#3G 3A 3G 3F#3,[MF(AV). Cd. XXVIII 10.txt, MF(AV). Cd. XXIII 3.txt],,,,,,,,,,,,,,,,
2,A 3G 3F#3G 3F#3E 3G 3,[NU. Cvj. 137.txt, GBr. Col. 136.txt],,,,,,,,,,,,,,,,
2,A 3G 3G 3A 3A 3D 4C 4,[maram_430.txt, maram_351a.txt],,,,,,,,,,,,,,,,
2,A 3G 3G 3A 3B 3B 3B 3,[IP. Col. 95.txt, scor 77.txt],,,,,,,,,,,,,,,,
2,A 3G 3G 3A 3B 3G 3E 3,[GB. C propriu-zis. 2.txt, IP. Col.183.txt],,,,,,,,,,,,,,,,
2,A 3G 3G 3A 3G 3A 3G 3,[CBr. Col. 17.txt, sul 98.txt],,,,,,,,,,,,,,,,
2,A 3G 3G 3A 3G 3E 3E 3,[maram_45.txt, BB. Hore. 83.txt],,,,,,,,,,,,,,,,
2,A 3G 3G 3B 3D 4E 4D 4,[maram_68.txt, del 147.txt],,,,,,,,,,,,,,,,
2,A 3G 3G 3D 3B 3B 3A 3,[BB. Hore. 46b.txt, sul 390.txt],,,,,,,,,,,,,,,,
2,A 3G 3G 3G 3G 3F#3G 3,[sul 19.txt, sul 166.txt],,,,,,,,,,,,,,,,
2,A 4A 4A 4G 4F#4,[MDD. Col. 124.txt, MDD. C.P. 241.txt],,,,,,,,,,,,,,,,
2,A 4B 4C 5B 4G 4B 4A 4,[MM DD. Col 48.txt, MM DD. Col 43.txt],,,,,,,,,,,,,,,,
2,A 4B 4C 5B 4G 4B 4B 4,[MM DD. Col 70.txt, MDD. Col. 123.txt],,,,,,,,,,,,,,,,
2,A 4F#4E 4F#4G 4F#4E 4,[MDD. C.P. 258.txt, MDD. C.P. 259.txt],,,,,,,,,,,,,,,,
2,A 4G 4G 4B 4B 4A 4G 4,[MDD. nun. 87.txt, MDD. C.J. 313.txt],,,,,,,,,,,,,,,,
2,A#3A 3G 3G 3G 3A#3A 3,[AV. C propriu-zis. 158.txt, NL_164.txt],,,,,,,,,,,,,,,,
2,A#3A#3A 3G 3G 3G 3G 3,[maram_130.txt, maram_113.txt],,,,,,,,,,,,,,,,
2,A#3A#3A#3A 3G 3G 3G 3,[AV. C propriu-zis. 158.txt, maram_113.txt],,,,,,,,,,,,,,,,
2,A#3A#3A#3A#3G 3G 3G 3,[sul 95.txt, maram_510.txt],,,,,,,,,,,,,,,,
2,A#3A#3C 4A#3G 3G 3G 3,[sul 286.txt, IP. C. 138.txt],,,,,,,,,,,,,,,,
2,A#3A#3C 4C 4C 4A#3A#3,[GBr. Col. 169.txt, SDrg. Doina. 22.txt],,,,,,,,,,,,,,,,
2,A#3C 4A#3A 3F 3G 3G 3,[Drg. Col. 141.txt, maram_347.txt],,,,,,,,,,,,,,,,
2,A#3C 4A#3A 3G 3D 3D 3,[maram_505a.txt, maram_505b.txt],,,,,,,,,,,,,,,,
2,A#3C 4A#3G 3G 3G 3D 4,[maram_445.txt, IP. C. 138.txt],,,,,,,,,,,,,,,,
2,A#3C 4A#3G 3G 3G 3G 3,[maram_119.txt, maram_445.txt],,,,,,,,,,,,,,,,
2,A#3C 4D 4D 4A#3C 4D 4,[maram_505a.txt, maram_505b.txt],,,,,,,,,,,,,,,,
2,A#3D 4D 4D 4A#3G 3G 3,[maram_385.txt, maram_445.txt],,,,,,,,,,,,,,,,
2,A#3G 3A 3A#3C#4D 4E 4,[MF(AV). Cd. VI 26.txt, MF(AV). Cd. IV 142.txt],,,,,,,,,,,,,,,,
2,A#3G 3A#3G 3A#3G 3D 4,[sul 75.txt, sul 74.txt],,,,,,,,,,,,,,,,
2,A#3G 3A#3G 3D 4A#3G 3,[sul 75.txt, sul 74.txt],,,,,,,,,,,,,,,,
2,A#3G 3D 4D 4D#4C 4D 4,[MF(AV). Cd. XXI 12.txt, BB. C. 276.txt],,,,,,,,,,,,,,,,
2,B 3A 3A 3A 3A 3G 3A 3,[sul 442.txt, DK_18.txt],,,,,,,,,,,,,,,,
2,B 3A 3A 3A 3G 3G 3A 3,[BB. Cjoc. 272.txt, sul 462.txt],,,,,,,,,,,,,,,,
2,B 3A 3A 3B 3B 3A 3A 3,[mio_103.txt, GBr. Col. 20.txt],,,,,,,,,,,,,,,,
2,B 3A 3A 3B 3G 3B 3D 4,[MF(AV). Cd. XII 8.txt, MF(AV). Cd. IV 144.txt],,,,,,,,,,,,,,,,
2,B 3A 3A 3G 3D 3,[maram_312b.txt, sul 179.txt],,,,,,,,,,,,,,,,
2,B 3A 3A 3G 3D 3D 3G 3,[TBred. Cpropriu-zis. nr. 235.txt, mrz 374.txt],,,,,,,,,,,,,,,,
2,B 3A 3A 3G 3D 3E 3E 3,[TBred. Cpropriu-zis. nr. 235.txt, sul 179.txt],,,,,,,,,,,,,,,,
2,B 3A 3A 3G 3D 4C 4B 3,[scor 111.txt, MF(AV). Cd. XVI 23.txt],,,,,,,,,,,,,,,,
2,B 3A 3A 3G 3F#3E 3B 3,[MF(AV). Cd. XXVIII 10.txt, MF(AV). Cd. XXVI 31.txt],,,,,,,,,,,,,,,,
2,B 3A 3B 3A 3B 3A 3A 3,[CBr. Cst. 34.txt, BB. Col. 6.txt],,,,,,,,,,,,,,,,
2,B 3A 3B 3A 3B 3A 3B 3,[sul 28.txt, BB. Col. 6.txt],,,,,,,,,,,,,,,,
2,B 3A 3B 3A 3B 3C 4A 3,[maram_24.txt, NU. Cvj. 143.txt],,,,,,,,,,,,,,,,
2,B 3A 3B 3A 3G 3B 3A 3,[mrz 335.txt, Drg. Col. 153.txt],,,,,,,,,,,,,,,,
2,B 3A 3B 3A 3G 3D 4C 4,[TBred. Cpropriu-zis. nr. 172.txt, MF(AV). Cd. VII 3.txt],,,,,,,,,,,,,,,,
2,B 3A 3B 3C 4B 3A 3A 3,[MF(AV). Cd. XXI 19.txt, del 114.txt],,,,,,,,,,,,,,,,
2,B 3A 3B 3D 4C 4A 3,[del 110.txt, Drg. Col. 115.txt],,,,,,,,,,,,,,,,
2,B 3A 3B 3D 4C 4A 3G 3,[del 110.txt, Drg. Col. 115.txt],,,,,,,,,,,,,,,,
2,B 3A 3B 3G 3A 3A 3E 3,[NL_62.txt, NL_61.txt],,,,,,,,,,,,,,,,
2,B 3A 3B 3G 3B 3D 4C 4,[CBr. Cst. 53.txt, maram_348.txt],,,,,,,,,,,,,,,,
2,B 3A 3D 4C 4B 3A 3G 3,[maram_525.txt, MF(AV). Cd. V 4.txt],,,,,,,,,,,,,,,,
2,B 3A 3G 3A 3A 3G 3E 3,[MF(AV). Cd. IV 149.txt, CBr. Cst. 49.txt],,,,,,,,,,,,,,,,
2,B 3A 3G 3A 3B 3A 3B 3,[sul 168.txt, CBr. Col. 7.txt],,,,,,,,,,,,,,,,
2,B 3A 3G 3A 3B 3G 3E 3,[NU. Cvj. 190.txt, NU. Cvj. 170.txt],,,,,,,,,,,,,,,,
2,B 3A 3G 3B 3A 3A 3A 3,[sul 392.txt, GBr. Col. 23.txt],,,,,,,,,,,,,,,,
2,B 3A 3G 3B 3A 3A 3G 3,[mrz 189.txt, sul 279.txt],,,,,,,,,,,,,,,,
2,B 3A 3G 3B 3B 3A 3G 3,[maram_518.txt, TBred. Cpropriu-zis. nr. 155.txt],,,,,,,,,,,,,,,,
2,B 3A 3G 3B 3C 4D 4C 4,[CBr. Col. 27.txt, NU. Col. 91.txt],,,,,,,,,,,,,,,,
2,B 3A 3G 3B 3D 4B 3A 3,[BB. Hore. 78a.txt, GB. C propriu-zis. 6.txt],,,,,,,,,,,,,,,,
2,B 3A 3G 3B 3D 4E 4D 4,[GBr. Col. 4.txt, maram_440.txt],,,,,,,,,,,,,,,,
2,B 3A 3G 3D 4C 4B 3A 3,[AV. C propriu-zis. 207.txt, MF(AV). Cd. VII 3.txt],,,,,,,,,,,,,,,,
2,B 3A 3G 3F#3E 3E 3D 3,[mio_181.txt, TBred. Cpropriu-zis. nr. 171.txt],,,,,,,,,,,,,,,,
2,B 3A 3G 3F#3E 3F#3G 3,[AV. C propriu-zis. 113.txt, GBr. Col. 10.txt],,,,,,,,,,,,,,,,
2,B 3A 3G 3F#3G 3F#3,[sul 169.txt, GBr. Col. 136.txt],,,,,,,,,,,,,,,,
2,B 3A 3G 3F#3G 3F#3E 3,[sul 169.txt, GBr. Col. 136.txt],,,,,,,,,,,,,,,,
2,B 3A 3G 3G 3A 3B 3B 3,[IP. Col. 95.txt, del 28.txt],,,,,,,,,,,,,,,,
2,B 3A 3G 3G 3A 3B 3C 4,[AV. C propriu-zis. 130.txt, NU. Cvj. 207.txt],,,,,,,,,,,,,,,,
2,B 3A 3G 3G 3A 3G 3G 3,[maram_45.txt, BB. Hore. 97a.txt],,,,,,,,,,,,,,,,
2,B 3A 3G 3G 3B 3C 4D 4,[mrz 54.txt, GBr. Col. 196.txt],,,,,,,,,,,,,,,,
2,B 3B 3A 3A 3A 3A 3G 3,[mio_51.txt, scor 129.txt],,,,,,,,,,,,,,,,
2,B 3B 3A 3A 3A 3B 3G 3,[GBr. Col. 117.txt, DK_88.txt],,,,,,,,,,,,,,,,
2,B 3B 3A 3A 3G 3A 3B 3,[maram_490.txt, del 128.txt],,,,,,,,,,,,,,,,
2,B 3B 3A 3A 3G 3D 4C 4,[BB. Cjoc. 250.txt, MF(AV). Cd. XVI 23.txt],,,,,,,,,,,,,,,,
2,B 3B 3A 3B 3C 4B 3A 3,[del 114.txt, maram_449.txt],,,,,,,,,,,,,,,,
2,B 3B 3A 3B 3C 4D 4C 4,[maram_449.txt, GB. Col. 2.txt],,,,,,,,,,,,,,,,
2,B 3B 3A 3G 3A 3B 3A 3,[sul 168.txt, GBr. Col. 298.txt],,,,,,,,,,,,,,,,
2,B 3B 3A 3G 3A 3B 3B 3,[MF(AV). Cd. XIII 1.txt, IP. Cşez. 15.txt],,,,,,,,,,,,,,,,
2,B 3B 3A 3G 3G 3A 3A 3,[maram_430.txt, BB. Cjoc. 84.txt],,,,,,,,,,,,,,,,
2,B 3B 3B 3A 3A 3G 3G 3,[sul 391.txt, sul 435.txt],,,,,,,,,,,,,,,,
2,B 3B 3B 3B 3A 3A 3G 3,[maram_490.txt, sul 391.txt],,,,,,,,,,,,,,,,
2,B 3B 3B 3B 3A 3G 3A 3,[scor 64.txt, IP. Cşez. 15.txt],,,,,,,,,,,,,,,,
2,B 3B 3B 3B 3B 3B 3B 3,[GBr. Col. 176.txt, sul 463.txt],,,,,,,,,,,,,,,,
2,B 3B 3B 3B 3B 3B 3C 4,[maram_266.txt, maram_229.txt],,,,,,,,,,,,,,,,
2,B 3B 3B 3B 3G 3G 3A 3,[maram_497.txt, AV. C propriu-zis. 114.txt],,,,,,,,,,,,,,,,
2,B 3B 3B 3C#4D 4E 4D 4,[maram_409.txt, TBred. Cpropriu-zis. nr. 211.txt],,,,,,,,,,,,,,,,
2,B 3B 3B 3D 4C 4A 3A 3,[sul 247.txt, del 160.txt],,,,,,,,,,,,,,,,
2,B 3B 3B 3D 4D 4A 3A 3,[maram_326a.txt, BB. Hore. 126b.txt],,,,,,,,,,,,,,,,
2,B 3B 3B 3E 3E 3E 3E 3,[BB. Bocet. 21e.txt, sul 463.txt],,,,,,,,,,,,,,,,
2,B 3B 3B 3G 3A 3B 3D 4,[maram_44.txt, BB. Hore. 122.txt],,,,,,,,,,,,,,,,
2,B 3B 3C 4B 3B 3G 3G 3,[maram_460.txt, DK_33.txt],,,,,,,,,,,,,,,,
2,B 3B 3D 4C 4B 3A 3B 3,[GB. C propriu-zis. 10.txt, NU. Cvj. 199.txt],,,,,,,,,,,,,,,,
2,B 3B 3D 4D 4C 4B 3B 3,[IP. Col. 95.txt, CBr. Col. 15.txt],,,,,,,,,,,,,,,,
2,B 3B 3D 4E 4D 4B 3G 3,[NU. Cvj. 220.txt, MF(AV). Cd. IV 46.txt],,,,,,,,,,,,,,,,
2,B 3B 3G 3A 3B 3G 3G 3,[maram_39.txt, maram_36.txt],,,,,,,,,,,,,,,,
2,B 3B 3G 3B 3G 3G 3G 3,[maram_479.txt, maram_495.txt],,,,,,,,,,,,,,,,
2,B 3B 3G 3G 3A 3A 3A 3,[GB. C propriu-zis. 3.txt, AV. C propriu-zis. 114.txt],,,,,,,,,,,,,,,,
2,B 3B 3G 3G 3B 3B 3C 4,[maram_142.txt, maram_460.txt],,,,,,,,,,,,,,,,
2,B 3B 3G 3G 3G 3G 3G 3,[BB. Bocet. 20c.txt, maram_245.txt],,,,,,,,,,,,,,,,
2,B 3C 4B 3A 3G 3A 3A 3,[Drg. Col. 228.txt, MF(AV). Cd. XVI 29.txt],,,,,,,,,,,,,,,,
2,B 3C 4B 3A 3G 3E 3A 3,[NU. Cvj. 254.txt, EC. Cn. 34.txt],,,,,,,,,,,,,,,,
2,B 3C 4C 4A 3G 3G 3,[maram_261.txt, NU_265.txt],,,,,,,,,,,,,,,,
2,B 3C 4C 4B 3B 3A 3G 3,[CBr. Bal. 26.txt, NL_35.txt],,,,,,,,,,,,,,,,
2,B 3C 4C 4G 3G 3G 3G 3,[BB. Hore. 53d.txt, maram_136.txt],,,,,,,,,,,,,,,,
2,B 3C 4D 4D 4D 4D 4D 4,[scor 1.txt, DK_5.txt],,,,,,,,,,,,,,,,
2,B 3C 4D 4D 4D 4E 4D 4,[GBr. Col. 196.txt, BB. C. 267.txt],,,,,,,,,,,,,,,,
2,B 3C 4D 4D 4E 4D 4C 4,[mio_91.txt, Drg. Col. 244.txt],,,,,,,,,,,,,,,,
2,B 3C 4D 4D 4E 4D 4D 4,[maram_430.txt, maram_351a.txt],,,,,,,,,,,,,,,,
2,B 3C 4G 3D 3F#3A 3G 3,[MF(AV). Cd. XII 58.txt, AV. C propriu-zis. 108.txt],,,,,,,,,,,,,,,,
2,B 3D 4A 3A 3G 3G 3G 3,[sul 413.txt, scor 66.txt],,,,,,,,,,,,,,,,
2,B 3D 4B 3A 3A 3B 3A 3,[sul 377.txt, AV. C propriu-zis. 80.txt],,,,,,,,,,,,,,,,
2,B 3D 4B 3A 3A 3G 3G 3,[BB. Hore. 57a.txt, GBr. Col. 286.txt],,,,,,,,,,,,,,,,
2,B 3D 4B 3A 3G 3A 3A 3,[CB. Col. 356.txt, IP. Cşez. 15.txt],,,,,,,,,,,,,,,,
2,B 3D 4B 3A 3G 3B 3D 4,[BB. Hore. 78a.txt, MF(AV). Cd. IV 144.txt],,,,,,,,,,,,,,,,
2,B 3D 4C 4A 3C 4B 3G 3,[Drg. Col. 181.txt, CBr. Cst. 53.txt],,,,,,,,,,,,,,,,
2,B 3D 4C 4A 3G 3G 3G 3,[del 110.txt, maram_522.txt],,,,,,,,,,,,,,,,
2,B 3D 4C 4B 3A 3A 3B 3,[del 61.txt, mrz 189.txt],,,,,,,,,,,,,,,,
2,B 3D 4C 4B 3A 3B 3G 3,[maram_348.txt, MF(AV). Cd. XVI 26.txt],,,,,,,,,,,,,,,,
2,B 3D 4C 4B 3A 3D 4,[Drg. Col. 290.txt, CBr. Cst. 54.txt],,,,,,,,,,,,,,,,
2,B 3D 4C 4B 3B 3D 4A 3,[NU_30.txt, maram_177.txt],,,,,,,,,,,,,,,,
2,B 3D 4C 4B 3B 3D 4D 4,[CBr. Col. 15.txt, NU. Cvj. 208.txt],,,,,,,,,,,,,,,,
2,B 3D 4C 4B 3G 3A 3A 3,[MF(AV). Cd. XXI 17.txt, Drg. C. Nr. 19.txt],,,,,,,,,,,,,,,,
2,B 3D 4C 4B 3G 3G 3G 3,[Bog. Col. 204.txt, NU. Cvj. 258.txt],,,,,,,,,,,,,,,,
2,B 3D 4C 4D 4E 4D 4C 4,[NU. Cvj. 258.txt, DK_150.txt],,,,,,,,,,,,,,,,
2,B 3D 4D 4A 3A 3B 3G 3,[mio_91.txt, maram_326a.txt],,,,,,,,,,,,,,,,
2,B 3D 4D 4B 3D 4B 3B 3,[maram_462.txt, GB. Col. 4.txt],,,,,,,,,,,,,,,,
2,B 3D 4D 4C 4A 3A 3G 3,[NL_101.txt, NU_248.txt],,,,,,,,,,,,,,,,
2,B 3D 4D 4C 4A 3G 3E 4,[maram_253.txt, maram_252.txt],,,,,,,,,,,,,,,,
2,B 3D 4D 4D 4D 4D 4C 4,[mio_97.txt, NL_37.txt],,,,,,,,,,,,,,,,
2,B 3D 4D 4D 4E 4D 4C 4,[GBr. Col. 298.txt, DK_6.txt],,,,,,,,,,,,,,,,
2,B 3D 4D 4E 4E 4D 4C 4,[mio_103.txt, maram_521.txt],,,,,,,,,,,,,,,,
2,B 3D 4D 4E 4E 4D 4C#4,[TBred. Cpropriu-zis. nr. 106.txt, maram_188.txt],,,,,,,,,,,,,,,,
2,B 3D 4D 4E 4E 4D 4D 4,[maram_188.b.txt, GBr. Col. 285.txt],,,,,,,,,,,,,,,,
2,B 3D 4E 4D 4B 3G 3A 3,[maram_411.txt, NU. Cvj. 220.txt],,,,,,,,,,,,,,,,
2,B 3D 4G 4F 4E 4D 4C 4,[NL_93.txt, DK_109.txt],,,,,,,,,,,,,,,,
2,B 3E 4D 4C 4C 4B 3B 3,[del 128.txt, scor 77.txt],,,,,,,,,,,,,,,,
2,B 3G 3A 3A 3A 3G 3D 3,[scor 125.txt, scor 91.txt],,,,,,,,,,,,,,,,
2,B 3G 3A 3A 3G 3A 3A 3,[Drg. Col. 136.txt, Drg. C. Nr. 19.txt],,,,,,,,,,,,,,,,
2,B 3G 3A 3A 3G 3D 4D 4,[GBr. Col. 95.txt, CB. Col. 344.txt],,,,,,,,,,,,,,,,
2,B 3G 3A 3B 3A 3G 3B 3,[maram_187.txt, BB. Cjoc. 193.txt],,,,,,,,,,,,,,,,
2,B 3G 3A 3B 3G 3A 3G 3,[GBr. Col. 3.txt, MF(AV). Cd. IV 85.txt],,,,,,,,,,,,,,,,
2,B 3G 3A 3C 4B 3D 4C 4,[IB. Col. 1.txt, maram_311.txt],,,,,,,,,,,,,,,,
2,B 3G 3A 3G 3B 3G 3A 3,[sul 350.txt, MF(AV). Cd. IV 85.txt],,,,,,,,,,,,,,,,
2,B 3G 3B 3A 3B 3C 4A 3,[maram_363.txt, MF(AV). Cd. XII 1.txt],,,,,,,,,,,,,,,,
2,B 3G 3B 3C 4D 4D 4E 4,[mio_91.txt, GBr. Col. 163.txt],,,,,,,,,,,,,,,,
2,B 3G 3G 3A 3A 3A 3A 3,[AV. C propriu-zis. 114.txt, mrz 356.txt],,,,,,,,,,,,,,,,
2,B 3G 3G 3A 3A 3B 3G 3,[NU. C. Nr. 5.txt, NL_117.txt],,,,,,,,,,,,,,,,
2,B 3G 3G 3A 3C 4B 3A 3,[MF(AV). Cd. III 17.txt, GBr. Col. 175.txt],,,,,,,,,,,,,,,,
2,B 3G 3G 3A 3G 3F#3E 3,[GBr. Col. 19.txt, NU. Cvj. 220.txt],,,,,,,,,,,,,,,,
2,B 3G 3G 3G 3G 3B 3B 3,[IP. Col.104.txt, NU. Cvj. 170.txt],,,,,,,,,,,,,,,,
2,B 3G 3G 3G 3G 3G 3B 3,[BB. Bocet. 20c.txt, maram_266.txt],,,,,,,,,,,,,,,,
2,B 4D 5C 5C 5B 4A 4G 4,[Drg. Col. 56.txt, MDD. C.căt. 220.txt],,,,,,,,,,,,,,,,
2,B 4D 5D 5E 5D 5C 5,[MDD. Col. 122.txt, MM DD. Col 133.txt],,,,,,,,,,,,,,,,
2,B 4G 4A 4A 4G 4G 4,[MDD. nun. 86.txt, MM DD. Col 133.txt],,,,,,,,,,,,,,,,
2,B 4G 4B 4C 5B 4A 4A 4,[MDD. Col. 174.txt, MDD. Col. 171.txt],,,,,,,,,,,,,,,,
2,C 4A 3A 3G 3B 3D 4D 4,[NL_101.txt, Drg. Col. 201.txt],,,,,,,,,,,,,,,,
2,C 4A 3B 3G 3G 3A 3B 3,[TBred. Cpropriu-zis. nr. 191.txt, TBred. Cpropriu-zis. nr. 152.txt],,,,,,,,,,,,,,,,
2,C 4A 3C 4C 4B 3D 4C 4,[Drg. Col. 123.txt, CBr. Cst. 41.txt],,,,,,,,,,,,,,,,
2,C 4A 3C 4E 4E 4D 4D 4,[NU. Col. 106.txt, maram_397.txt],,,,,,,,,,,,,,,,
2,C 4A#3A 3F 3G 3A#3A 3,[IP. Col. 144.txt, sul 275.txt],,,,,,,,,,,,,,,,
2,C 4A#3A 3G 3A 3G 3A 3,[IP. Col.118.txt, NU_86.txt],,,,,,,,,,,,,,,,
2,C 4A#3A 3G 3C 4A#3A 3,[maram_505b.txt, TBred. Cpropriu-zis. nr. 254.txt],,,,,,,,,,,,,,,,
2,C 4A#3A#3C 4D 4A#3G 3,[sul 291.txt, GBr. Col. 128.txt],,,,,,,,,,,,,,,,
2,C 4B 3A 3A 3B 3A 3,[GBr. Col. 171.txt, CBr. Col. p. 253.txt],,,,,,,,,,,,,,,,
2,C 4B 3A 3A 3C 4D 4B 3,[GBr. Col. 24.txt, Drg. Col. 245.txt],,,,,,,,,,,,,,,,
2,C 4B 3A 3B 3B 3D 4D 4,[GBr. Col. 40.txt, NU. Cvj. 167.txt],,,,,,,,,,,,,,,,
2,C 4B 3A 3B 3C 4D 4C 4,[MF(AV). Cd. III 17.txt, BB. Col. 122a.txt],,,,,,,,,,,,,,,,
2,C 4B 3A 3B 3E 3F#3A 3,[GBr. Col. 215.txt, MF(AV). Cd. XVI 26.txt],,,,,,,,,,,,,,,,
2,C 4B 3A 3B 3G 3A 3A 3,[maram_188.b.txt, Bog. Col. 642.txt],,,,,,,,,,,,,,,,
2,C 4B 3A 3B 3G 3B 3A 3,[BB. Col. 121g.txt, maram_363.txt],,,,,,,,,,,,,,,,
2,C 4B 3A 3D 3G 3A 3B 3,[NU. Cvj. 158.txt, CP.SCR. Doină. 12.txt],,,,,,,,,,,,,,,,
2,C 4B 3A 3G 3A 3,[Drg. Col. 252.txt, BB. Col. 126.txt],,,,,,,,,,,,,,,,
2,C 4B 3A 3G 3A 3B 3G 3,[scor 45.txt, maram_149.txt],,,,,,,,,,,,,,,,
2,C 4B 3A 3G 3B 3A 3,[GBr. Col. 24.txt, Drg. Col. 245.txt],,,,,,,,,,,,,,,,
2,C 4B 3A 3G 3B 3A 3A 3,[sul 392.txt, mrz 189.txt],,,,,,,,,,,,,,,,
2,C 4B 3A 3G 3B 3D 4E 4,[NL_25.txt, GBr. Col. 4.txt],,,,,,,,,,,,,,,,
2,C 4B 3A 3G 3F#3E 3E 3,[CBr. Col. p. 212.txt, MF(AV). Cd. XXVIII 10.txt],,,,,,,,,,,,,,,,
2,C 4B 3B 3B 3C 4B 3B 3,[mrz 374.txt, DK_33.txt],,,,,,,,,,,,,,,,
2,C 4B 3B 3B 3D 4A 3B 3,[MF(AV). Cd. XII 59.txt, CBr. Cst. 61.txt],,,,,,,,,,,,,,,,
2,C 4B 3B 3D 4C 4B 3A 3,[NU. Cvj. 199.txt, TBred. Col. nr. 292.txt],,,,,,,,,,,,,,,,
2,C 4B 3B 3D 4D 4C 4B 3,[CBr. Col. 15.txt, GBr. Col. 100.txt],,,,,,,,,,,,,,,,
2,C 4B 3C 4D 4A 3,[maram_165.b.txt, maram_165.txt],,,,,,,,,,,,,,,,
2,C 4B 3C 4D 4E 4D 4C 4,[del 118.txt, NU. Cvj. 238.txt],,,,,,,,,,,,,,,,
2,C 4B 3D 4C 4B 3A 3A 3,[mrz 189.txt, BB. Col. 121e.txt],,,,,,,,,,,,,,,,
2,C 4B 3D 4C 4C 4B 3B 3,[NU. Cvj. 231.txt, GBr. Col. 298.txt],,,,,,,,,,,,,,,,
2,C 4B 3D 4C 4G 3D 4C 4,[IB. Col. 1.txt, NL_57.txt],,,,,,,,,,,,,,,,
2,C 4B 3D 4E 4D 4C 4B 3,[AV. C propriu-zis. 131.txt, MF(AV). Cd. XII 14.txt],,,,,,,,,,,,,,,,
2,C 4B 3G 3A 3A 3A 3G 3,[scor 125.txt, del 118.txt],,,,,,,,,,,,,,,,
2,C 4B 3G 3A 3A 3G 3G 3,[CP.SCR. Col. 2.txt, MF(AV). Cd. XXI 17.txt],,,,,,,,,,,,,,,,
2,C 4B 3G 3A 3C 4B 3A 3,[GBr. Col. 196.txt, Drg. Col. 140.txt],,,,,,,,,,,,,,,,
2,C 4B 3G 3B 3A 3A 3G 3,[TBred. Cpropriu-zis. nr. 116.txt, maram_279.txt],,,,,,,,,,,,,,,,
2,C 4B 3G 3B 3A 3G 3B 3,[mio_104.txt, CBr. Col. 27.txt],,,,,,,,,,,,,,,,
2,C 4C 4A#3A#3C 4A#3G 3,[sul 286.txt, maram_486.txt],,,,,,,,,,,,,,,,
2,C 4C 4A#3C 4A#3A 3G 3,[maram_505b.txt, IP. Col.199.txt],,,,,,,,,,,,,,,,
2,C 4C 4B 3G 3A 3A 3G 3,[CP.SCR. Col. 2.txt, CB. Col. 344.txt],,,,,,,,,,,,,,,,
2,C 4C 4C 4B 3D 4C 4A 3,[BB. Col. 114a.txt, CBr. Cst. 41.txt],,,,,,,,,,,,,,,,
2,C 4C 4C 4C 4C 4C 4C 4,[maram_382.txt, maram_260.txt],,,,,,,,,,,,,,,,
2,C 4C 4C 4C 4D 4C 4C 4,[scor 40.txt, maram_498.txt],,,,,,,,,,,,,,,,
2,C 4C 4D 4D 4E 4D 4D 4,[BB. Hore. 110a.txt, TBred. Cpropriu-zis. nr. 80.txt],,,,,,,,,,,,,,,,
2,C 4D 4C 4A#3A 3A#3C 4,[IP. Bal. 13.txt, DK_64.txt],,,,,,,,,,,,,,,,
2,C 4D 4C 4A#3A 3G 3F 3,[NU_245.txt, GBr. Col. 105.txt],,,,,,,,,,,,,,,,
2,C 4D 4C 4A#3G 3G 3A#3,[TBred. Cpropriu-zis. nr. 195.txt, maram_56.txt],,,,,,,,,,,,,,,,
2,C 4D 4C 4G 3A#3,[sul 275.txt, mio_90.txt],,,,,,,,,,,,,,,,
2,C 4D 4C 4G 3A#3A 3C 4,[sul 275.txt, mio_90.txt],,,,,,,,,,,,,,,,
2,C 4D 4D 4D 4D 4D 4D 4,[maram_267.txt, scor 1.txt],,,,,,,,,,,,,,,,
2,C 4D 4E 4C 4A 3A 3G 3,[Drg. Col. 276.txt, GBr. Col. 166.txt],,,,,,,,,,,,,,,,
2,C 4D 4E 4D 4C 4B 3,[GBr. Col. 30.txt, CB. Col. 346.txt],,,,,,,,,,,,,,,,
2,C 4D 4E 4D 4C 4B 3A 3,[mio_103.txt, Drg. Col. 114.txt],,,,,,,,,,,,,,,,
2,C 4D 4E 4D 4C 4D 4C 4,[NU_244.txt, NL_71.txt],,,,,,,,,,,,,,,,
2,C 4E 4D 4C 4B 3C 4B 3,[GBr. Col. 50.txt, BB. Col. 121g.txt],,,,,,,,,,,,,,,,
2,C 4F 4E 4D 4E 4D 4C 4,[Bog. Col. 325.txt, Bog. Col. 321.txt],,,,,,,,,,,,,,,,
2,C#4A#3A 3G 3D 4G 4F 4,[MF(AV). Cd. VI 12.txt, GBr. Col. 233.txt],,,,,,,,,,,,,,,,
2,C#4B 3A 3A 3G 3F#3E 3,[scor 84.txt, MF(AV). Cd. XXVI 31.txt],,,,,,,,,,,,,,,,
2,C#4D 4D 4D 4D 4C 4B 3,[MF(AV). Cd. XXVII 26.txt, MF(AV). Cd. XVI 25.txt],,,,,,,,,,,,,,,,
2,C#4D 4E 4D 4B 3B 3D 4,[maram_409.txt, NL_53.txt],,,,,,,,,,,,,,,,
2,D 3A#3G 3G 3D 3D 3D 3,[maram_505a.txt, maram_505b.txt],,,,,,,,,,,,,,,,
2,D 3B 3B 3B 3A 3B 3G 3,[IP. Cşez. 50.txt, maram_441.txt],,,,,,,,,,,,,,,,
2,D 3D 3E 3A 3G 3E 3,[GBr. Col. 19.txt, CBr. Cst. 43.txt],,,,,,,,,,,,,,,,
2,D 3D 3G 3G 3A 3A 3D 4,[BB. Hore. 33a.txt, NU. Cvj. 154.txt],,,,,,,,,,,,,,,,
2,D 3E 3F#3G 3A 3F#3E 3,[mrz 335.txt, maram_345a.txt],,,,,,,,,,,,,,,,
2,D 3E 3F#3G 3A 3G 3F#3,[MV. C. p.82.txt, GBr. Col. 238.txt],,,,,,,,,,,,,,,,
2,D 3E 3F#3G 3F#3E 3D 3,[SDrg. Cjoc. 67.txt, SDrg. Cjoc. 61.txt],,,,,,,,,,,,,,,,
2,D 3E 3G 3A 3B 3G 3E 3,[SDrg. Cnunta. 8.txt, GB. Col. 3.txt],,,,,,,,,,,,,,,,
2,D 3F#3A 3G 3B 3C 4B 3,[maram_176b.txt, AV. C propriu-zis. 108.txt],,,,,,,,,,,,,,,,
2,D 3G 3A 3B 3A 3A 3G 3,[SDrg. Doina. 58.txt, maram_312b.txt],,,,,,,,,,,,,,,,
2,D 3G 3A 3B 3A 3G 3F#3,[sul 297.txt, IP. Bal. 150.txt],,,,,,,,,,,,,,,,
2,D 3G 3A 3B 3A 3G 3G 3,[BB. Hore. 104.txt, maram_68.txt],,,,,,,,,,,,,,,,
2,D 3G 3A 3B 3G 3A 3G 3,[CP.SCR. Doină. 12.txt, NU_19.txt],,,,,,,,,,,,,,,,
2,D 3G 3D 4C 4B 3A 3G 3,[MF(AV). Cd. XXVIII 3.txt, AV. C propriu-zis. 113.txt],,,,,,,,,,,,,,,,
2,D 3G 3F#3G 3A 3A#3,[maram_27.txt, maram_367.txt],,,,,,,,,,,,,,,,
2,D 3G 3G 3G 3A 3B 3G 3,[BB. C. 223.txt, BB. C. 118.txt],,,,,,,,,,,,,,,,
2,D 4A 3C#4D 4E 4D 4C#4,[BB. Hore. 62c.txt, NU. Cvj. 202.txt],,,,,,,,,,,,,,,,
2,D 4A#3D 4D 4D 4D 4G 3,[maram_474.txt, sul 277.txt],,,,,,,,,,,,,,,,
2,D 4B 3A 3A 3B 3A 3A 3,[sul 377.txt, scor 66.txt],,,,,,,,,,,,,,,,
2,D 4B 3A 3A 3B 3G 3G 3,[maram_392.txt, MF(AV). Cd. IV 144.txt],,,,,,,,,,,,,,,,
2,D 4B 3A 3A 3E 4E 4D 4,[mio_131.txt, maram_44.txt],,,,,,,,,,,,,,,,
2,D 4B 3A 3B 3A 3B 3A 3,[MF(AV). Cd. IX 16.txt, BB. Col. 6.txt],,,,,,,,,,,,,,,,
2,D 4B 3A 3G 3A 3A 3G 3,[DK_148.txt, CB. Col. 356.txt],,,,,,,,,,,,,,,,
2,D 4B 3A 3G 3D 4B 3A 3,[BB. Hore. 33a.txt, NU. Cvj. 154.txt],,,,,,,,,,,,,,,,
2,D 4B 3C 4B 3A 3A 3G 3,[NU. Cvj. 138.txt, Bog. Col. 642.txt],,,,,,,,,,,,,,,,
2,D 4B 3C 4B 3A 3G 3G 3,[GBr. Col. 29.txt, maram_416.txt],,,,,,,,,,,,,,,,
2,D 4C 4A 3A 3G 3A 3B 3,[maram_352.txt, MF(AV). Cd. VI 24.txt],,,,,,,,,,,,,,,,
2,D 4C 4A 3C 4B 3A 3G 3,[Drg. Col. 132.txt, AV. C propriu-zis. 130.txt],,,,,,,,,,,,,,,,
2,D 4C 4A 3G 3B 3G 3G 3,[maram_253.txt, maram_252.txt],,,,,,,,,,,,,,,,
2,D 4C 4A#3G 3G 3A#3C 4,[TBred. Cpropriu-zis. nr. 195.txt, NU_259.txt],,,,,,,,,,,,,,,,
2,D 4C 4B 3A 3A 3A 3B 3,[del 113.txt, GBr. Col. 57.txt],,,,,,,,,,,,,,,,
2,D 4C 4B 3A 3A 3B 3B 3,[del 61.txt, maram_515.txt],,,,,,,,,,,,,,,,
2,D 4C 4B 3A 3A 3B 3G 3,[GBr. Col. 210.txt, CBr. Bal. 22.txt],,,,,,,,,,,,,,,,
2,D 4C 4B 3A 3A 3G 3,[maram_312b.txt, AV. C propriu-zis. 81.txt],,,,,,,,,,,,,,,,
2,D 4C 4B 3A 3B 3C 4D 4,[GBr. Col. 210.txt, GBr. Col. 7.txt],,,,,,,,,,,,,,,,
2,D 4C 4B 3A 3B 3G 3G 3,[MV. C. p.82.txt, maram_228.txt],,,,,,,,,,,,,,,,
2,D 4C 4B 3A 3G 3,[MF(AV). Cd. X 30.txt, Drg. Col. 266.txt],,,,,,,,,,,,,,,,
2,D 4C 4B 3A 3G 3A 3G 3,[Drg. Col. 252.txt, MF(AV). Cd. V 4.txt],,,,,,,,,,,,,,,,
2,D 4C 4B 3A 3G 3B 3B 3,[maram_331.txt, BB. Col. 128a.txt],,,,,,,,,,,,,,,,
2,D 4C 4B 3A 3G 3D 3G 3,[AV. C propriu-zis. 113.txt, MF(AV). Cd. VI 82.txt],,,,,,,,,,,,,,,,
2,D 4C 4B 3A 3G 3G 3B 3,[NL_13.txt, maram_319.txt],,,,,,,,,,,,,,,,
2,D 4C 4B 3B 3A 3A 3A 3,[DK_40.txt, GBr. Col. 285.txt],,,,,,,,,,,,,,,,
2,D 4C 4B 3B 3D 4C 4B 3,[NU. Cvj. 199.txt, scor 129.txt],,,,,,,,,,,,,,,,
2,D 4C 4B 3B 3E 3F#3G 3,[BB. C. 241.txt, MF(AV). Cd. IV 144.txt],,,,,,,,,,,,,,,,
2,D 4C 4B 3C 4D 4E 4D 4,[del 118.txt, maram_149.txt],,,,,,,,,,,,,,,,
2,D 4C 4B 3C 4E 4E 4E 4,[GBr. Col. 24.txt, Drg. Col. 245.txt],,,,,,,,,,,,,,,,
2,D 4C 4B 3G 3B 3B 3G 3,[GB. C propriu-zis. 3.txt, maram_82.txt],,,,,,,,,,,,,,,,
2,D 4C 4B 3G 3C 4B 3A 3,[maram_82.txt, mrz 189.txt],,,,,,,,,,,,,,,,
2,D 4C 4B 3G 3D 3G 3B 3,[maram_330.txt, maram_320.txt],,,,,,,,,,,,,,,,
2,D 4C 4B 3G 3D 4D 4B 3,[maram_525.txt, GBr. Col. 295.txt],,,,,,,,,,,,,,,,
2,D 4C 4C 4B 3B 3A 3A 3,[del 128.txt, MF(AV). Cd. XXV 24.txt],,,,,,,,,,,,,,,,
2,D 4C 4C 4B 3B 3D 4C 4,[maram_446.txt, TBred. Col. nr. 292.txt],,,,,,,,,,,,,,,,
2,D 4C 4C 4C 4B 3D 4C 4,[BB. Col. 114a.txt, BB. Col. 121e.txt],,,,,,,,,,,,,,,,
2,D 4C 4D 4A#3A 3G 3,[Bog. Col. 321.txt, mio_165.txt],,,,,,,,,,,,,,,,
2,D 4C 4D 4E 4D 4C 4B 3,[mio_103.txt, NU. Cvj. 258.txt],,,,,,,,,,,,,,,,
2,D 4C 4D 4G 3A 3A 3,[NL_92.txt, BB. Col. 122a.txt],,,,,,,,,,,,,,,,
2,D 4C 4E 4D 4B 3C 4B 3,[Bog. Col. 642.txt, maram_194b.txt],,,,,,,,,,,,,,,,
2,D 4C 4E 4D 4C 4B 3D 4,[NL_56.txt, mrz 189.txt],,,,,,,,,,,,,,,,
2,D 4C 4G 3B 3D 4C 4B 3,[NL_28.txt, NU. Cvj. 258.txt],,,,,,,,,,,,,,,,
2,D 4C#4D 4E 4D 4C#4D 4,[maram_373.txt, NL_164.txt],,,,,,,,,,,,,,,,
2,D 4D 4A 3A 3B 3G 3G 3,[maram_326a.txt, BB. C. 171.txt],,,,,,,,,,,,,,,,
2,D 4D 4A 3A 3E 4E 4D 4,[GBr. Col. 131.txt, mio_132.txt],,,,,,,,,,,,,,,,
2,D 4D 4A#3A 3G 3A 3,[maram_262.txt, Drg. Col. 273.txt],,,,,,,,,,,,,,,,
2,D 4D 4A#3D 4C 4C 4A#3,[TBred. Col. nr. 388.txt, mio_148.txt],,,,,,,,,,,,,,,,
2,D 4D 4B 3A 3B 3B 3A 3,[BB. Hore. 131.txt, sul 435.txt],,,,,,,,,,,,,,,,
2,D 4D 4B 3A 3B 3B 3D 4,[BB. Hore. 131.txt, sul 435.txt],,,,,,,,,,,,,,,,
2,D 4D 4B 3C 4C 4B 3B 3,[TBred. Cpropriu-zis. nr. 80.txt, NL_35.txt],,,,,,,,,,,,,,,,
2,D 4D 4B 3C 4D 4B 3G 3,[GBr. Col. 198.txt, maram_464.txt],,,,,,,,,,,,,,,,
2,D 4D 4B 3D 4C 4B 3B 3,[NU_30.txt, NU. Cvj. 208.txt],,,,,,,,,,,,,,,,
2,D 4D 4B 3D 4C 4B 3G 3,[Bog. Col. 204.txt, GBr. Col. 295.txt],,,,,,,,,,,,,,,,
2,D 4D 4B 3D 4D 4A 3A 3,[mio_91.txt, GBr. Col. 25.txt],,,,,,,,,,,,,,,,
2,D 4D 4B 3G 3A 3A 3G 3,[MF(AV). Cd. XXIII 3.txt, sul 362.txt],,,,,,,,,,,,,,,,
2,D 4D 4C 4A 3B 3C 4D 4,[NU. Col. 63.txt, Drg. Col. 135.txt],,,,,,,,,,,,,,,,
2,D 4D 4C 4A#3A 3G 3G 3,[maram_27.txt, maram_367.txt],,,,,,,,,,,,,,,,
2,D 4D 4C 4B 3A 3B 3B 3,[GBr. Col. 40.txt, GB. Col. 2.txt],,,,,,,,,,,,,,,,
2,D 4D 4C 4B 3B 3,[IP. Col. 95.txt, BB. Col. 128a.txt],,,,,,,,,,,,,,,,
2,D 4D 4C 4B 3C 4D 4F 4,[GBr. Col. 50.txt, MF(AV). Cd. IV 145.txt],,,,,,,,,,,,,,,,
2,D 4D 4C 4B 3D 4D 4C 4,[NL_71.txt, BB. Col. 128a.txt],,,,,,,,,,,,,,,,
2,D 4D 4C 4B 3D 4D 4G 4,[DK_103.txt, IP. Bal. 47.txt],,,,,,,,,,,,,,,,
2,D 4D 4C 4C 4B 3D 4D 3,[maram_475a.txt, maram_475b.txt],,,,,,,,,,,,,,,,
2,D 4D 4C 4C 4B 3G 3A 3,[NL_114.txt, NU. Cvj. 208.txt],,,,,,,,,,,,,,,,
2,D 4D 4C 4E 4D 4A 3C 4,[Drg. Col. 239.txt, Drg. Col. 166b.txt],,,,,,,,,,,,,,,,
2,D 4D 4C#4D 4E 4D 4,[maram_27.txt, maram_367.txt],,,,,,,,,,,,,,,,
2,D 4D 4C#4D 4E 4D 4C 4,[maram_340.txt, maram_27.txt],,,,,,,,,,,,,,,,
2,D 4D 4C#4D 4E 4D 4G 3,[maram_380.txt, BB. Hore. 55.txt],,,,,,,,,,,,,,,,
2,D 4D 4D 4A 3A 3A 3A 3,[GBr. Col. 41.txt, BB. Cjoc. 281.txt],,,,,,,,,,,,,,,,
2,D 4D 4D 4B 3D 4D 4D 4,[NU. C. Nr. 5.txt, sul 362.txt],,,,,,,,,,,,,,,,
2,D 4D 4D 4B 3D 4D 4E 4,[sul 470.txt, mrz 98.txt],,,,,,,,,,,,,,,,
2,D 4D 4D 4B 3D 4G 3B 3,[BB. Hore. 57b.txt, maram_480.txt],,,,,,,,,,,,,,,,
2,D 4D 4D 4C 4B 3B 3A 3,[DK_116.txt, GBr. Col. 285.txt],,,,,,,,,,,,,,,,
2,D 4D 4D 4C 4C 4D 4C 4,[maram_404b.txt, maram_404a.txt],,,,,,,,,,,,,,,,
2,D 4D 4D 4C 4D 4A 3C 4,[Drg. Col. 276.txt, GBr. Col. 166.txt],,,,,,,,,,,,,,,,
2,D 4D 4D 4D 4C 4C 4C 4,[BB. Col. 114a.txt, NL_141.txt],,,,,,,,,,,,,,,,
2,D 4D 4D 4D 4D 4,[sul 416.txt, maram_243.txt],,,,,,,,,,,,,,,,
2,D 4D 4D 4D 4D 4D 4C 4,[maram_267.txt, Bog. Col. 204.txt],,,,,,,,,,,,,,,,
2,D 4D 4D 4D 4D 4D 4D 4,[BB. Hore. 116.txt, maram_243.txt],,,,,,,,,,,,,,,,
2,D 4D 4D 4D 4D 4D 4E 4,[TBred. Cpropriu-zis. nr. 206.txt, NL_162.txt],,,,,,,,,,,,,,,,
2,D 4D 4D 4D 4D 4E 4C 4,[TBred. Cpropriu-zis. nr. 206.txt, scor 13.txt],,,,,,,,,,,,,,,,
2,D 4D 4D 4D 4D 4E 4D 4,[NL_162.txt, maram_231.txt],,,,,,,,,,,,,,,,
2,D 4D 4D 4D 4D 4G 3G 3,[scor 65.txt, maram_243.txt],,,,,,,,,,,,,,,,
2,D 4D 4D 4D 4E 4D 4C 4,[GBr. Col. 95.txt, del 1.txt],,,,,,,,,,,,,,,,
2,D 4D 4D 4D 4E 4D 4D 4,[maram_231.txt, maram_492.txt],,,,,,,,,,,,,,,,
2,D 4D 4D 4D 4E 4F 4D 4,[GBr. Col. 276.txt, CBr. Bal. 3.txt],,,,,,,,,,,,,,,,
2,D 4D 4D 4E 4C 4C 4D 4,[AV. C propriu-zis. 251.txt, scor 13.txt],,,,,,,,,,,,,,,,
2,D 4D 4D 4E 4D 4C 4E 4,[del 1.txt, DK_6.txt],,,,,,,,,,,,,,,,
2,D 4D 4D 4E 4D 4D 4C 4,[maram_231.txt, NL_114.txt],,,,,,,,,,,,,,,,
2,D 4D 4D 4E 4D 4D 4D 4,[maram_231.txt, maram_492.txt],,,,,,,,,,,,,,,,
2,D 4D 4D 4E 4D 4E 4D 4,[GBr. Col. 196.txt, maram_317.txt],,,,,,,,,,,,,,,,
2,D 4D 4D 4E 4E 4D 4C 4,[NU_162.txt, maram_521.txt],,,,,,,,,,,,,,,,
2,D 4D 4D 4G 3G 3G 3G 3,[maram_510.txt, maram_243.txt],,,,,,,,,,,,,,,,
2,D 4D 4D#4D 4C 4C 4D 4,[MF(AV). Doină. I 6.txt, IP. C. 138.txt],,,,,,,,,,,,,,,,
2,D 4D 4E 4D 4C 4B 3G 3,[maram_311.txt, NL_200.txt],,,,,,,,,,,,,,,,
2,D 4D 4E 4D 4D 4B 3B 3,[NU. Col. 111.txt, maram_492.txt],,,,,,,,,,,,,,,,
2,D 4D 4E 4D 4D 4C 4C 4,[CBr. Bal. 16.txt, NL_114.txt],,,,,,,,,,,,,,,,
2,D 4D 4E 4E 4D 4C 4D 4,[NU_162.txt, mio_103.txt],,,,,,,,,,,,,,,,
2,D 4D 4E 4E 4E 4D 4D 4,[del 122.txt, maram_494.txt],,,,,,,,,,,,,,,,
2,D 4D 4G 3G 3G 3G 3G 3,[maram_243.txt, maram_138.txt],,,,,,,,,,,,,,,,
2,D 4D 4G 4F 4E 4D 4C 4,[IP. Bal. 13.txt, NL_101.txt],,,,,,,,,,,,,,,,
2,D 4D 4G 4F#4E 4E 4D 4,[maram_397.txt, maram_322.txt],,,,,,,,,,,,,,,,
2,D 4E 4C 4C 4C 4B 3D 4,[NL_151.txt, CBr. Cst. 41.txt],,,,,,,,,,,,,,,,
2,D 4E 4D 4A 3D 4C 4B 3,[CBr. Col. p. 212.txt, maram_149.txt],,,,,,,,,,,,,,,,
2,D 4E 4D 4A 3D 4E 4A 3,[BB. Hore. 114.txt, BB. Hore. 25.txt],,,,,,,,,,,,,,,,
2,D 4E 4D 4B 3A 3G 3B 3,[TBred. Cpropriu-zis. nr. 155.txt, BB. Hore. 122.txt],,,,,,,,,,,,,,,,
2,D 4E 4D 4B 3D 4G 3G 3,[BB. C. 267.txt, maram_440.txt],,,,,,,,,,,,,,,,
2,D 4E 4D 4C 4A 3C 4B 3,[AV. C propriu-zis. 130.txt, MF(AV). Cd. XIII 1.txt],,,,,,,,,,,,,,,,
2,D 4E 4D 4C 4B 3A 3D 4,[mio_103.txt, maram_526.txt],,,,,,,,,,,,,,,,
2,D 4E 4D 4C 4B 3A 3E 4,[maram_188.b.txt, maram_188.txt],,,,,,,,,,,,,,,,
2,D 4E 4D 4C 4B 3B 3A 3,[maram_182.txt, DK_88.txt],,,,,,,,,,,,,,,,
2,D 4E 4D 4C 4B 3G 3D 4,[CBr. Col. 13.txt, maram_311.txt],,,,,,,,,,,,,,,,
2,D 4E 4D 4C 4D 4C 4A 3,[NU_244.txt, Drg. Col. 153.txt],,,,,,,,,,,,,,,,
2,D 4E 4D 4C 4D 4C 4G 3,[NL_71.txt, Drg. Col. 110.txt],,,,,,,,,,,,,,,,
2,D 4E 4D 4D 4D 4D 4E 4,[maram_317.txt, maram_492.txt],,,,,,,,,,,,,,,,
2,D 4E 4D 4D 4E 4D 4A 3,[NL_162.txt, mio_147.txt],,,,,,,,,,,,,,,,
2,D 4E 4E 4D 4C 4B 3A 3,[maram_515.txt, scor 13.txt],,,,,,,,,,,,,,,,
2,D 4E 4E 4D 4C 4B 3D 4,[maram_165.b.txt, maram_165.txt],,,,,,,,,,,,,,,,
2,D 4E 4E 4D 4C 4B 3G 3,[CBr. Col. p. 208.txt, Drg. Doină. Nr. 4.txt],,,,,,,,,,,,,,,,
2,D 4E 4E 4E 4E 4E 4E 4,[NL_225.txt, MDD. C.J. 302.txt],,,,,,,,,,,,,,,,
2,D 4E 4F 4D 4G 4F 4E 4,[MF(AV). Cd. XXI 13.txt, NL_202.txt],,,,,,,,,,,,,,,,
2,D 4F 4D#4D 4C 4A#3A 3,[NU_239.txt, maram_56.txt],,,,,,,,,,,,,,,,
2,D 4G 3G 3G 3G 3G 3G 3,[GBr. Col. 41.txt, maram_243.txt],,,,,,,,,,,,,,,,
2,D 4G 4F 4E 4C 4D 4E 4,[NL_202.txt, NL_88.txt],,,,,,,,,,,,,,,,
2,D 4G 4F 4E 4D 4C 4B 3,[IP. Bal. 13.txt, DK_150.txt],,,,,,,,,,,,,,,,
2,D 5C 5B 4A 4B 4G 4G 4,[MDD. Col. 167.txt, MDD. Col. 164.txt],,,,,,,,,,,,,,,,
2,D 5C 5B 4G 4B 4A 4,[MM DD. Col 139.txt, MM DD. Col 134.txt],,,,,,,,,,,,,,,,
2,D 5D 5C 5B 4A 4G 4G 4,[MDD. Col. 132.txt, MM DD. Col 38.txt],,,,,,,,,,,,,,,,
2,D 5E 5D 5C 5B 4,[MM DD. Col 27.txt, MDD. Col. 134.txt],,,,,,,,,,,,,,,,
2,D#4D 4C 4A#3G 3G 3A#3,[TBred. Cpropriu-zis. nr. 195.txt, maram_56.txt],,,,,,,,,,,,,,,,
2,E 3A 3A 3G 3A 3B 3G 3,[del 128.txt, CBr. Bal. 26.txt],,,,,,,,,,,,,,,,
2,E 3A 3B 3C 4B 3A 3G 3,[NU. Cvj. 254.txt, GBr. Col. 238.txt],,,,,,,,,,,,,,,,
2,E 3A 3G 3A 3G 3E 3E 3,[sul 92.txt, sul 98.txt],,,,,,,,,,,,,,,,
2,E 3A 3G 3F#3E 3E 3F#3,[GBr. Col. 182.txt, IP. Col.195.txt],,,,,,,,,,,,,,,,
2,E 3D 3A 3A 3B 3A 3G 3,[maram_187.txt, Drg. Doină. Nr. 5.txt],,,,,,,,,,,,,,,,
2,E 3D 3C#3D 3E 3D 3C#3,[SDrg. Cjoc. 67.txt, SDrg. Cjoc. 61.txt],,,,,,,,,,,,,,,,
2,E 3D 3E 3D 3E 3D 3,[sul 44.txt, sul 37.txt],,,,,,,,,,,,,,,,
2,E 3D 3E 3D 3E 3D 3G 3,[sul 44.txt, sul 37.txt],,,,,,,,,,,,,,,,
2,E 3E 3A 3B 3C 4B 3A 3,[mio_181.txt, GBr. Col. 238.txt],,,,,,,,,,,,,,,,
2,E 3E 3B 3B 3A 3G 3B 3,[GBr. Col. 248.txt, GBr. Col. 23.txt],,,,,,,,,,,,,,,,
2,E 3E 3B 3B 3C 4B 3A 3,[GBr. Col. 136.txt, GBr. Col. 185.txt],,,,,,,,,,,,,,,,
2,E 3E 3E 3A 3A 3B 3B 3,[CBr. Cst. 49.txt, mrz 48.txt],,,,,,,,,,,,,,,,
2,E 3E 3E 3E 3E 3E 3,[maram_253.txt, maram_252.txt],,,,,,,,,,,,,,,,
2,E 3F#3G 3A 3A#3A 3A#3,[AV. C propriu-zis. 113.txt, MF(AV). Cd. VI 82.txt],,,,,,,,,,,,,,,,
2,E 3F#3G 3A 3B 3B 3E 4,[NU. Cvj. 190.txt, MF(AV). Cd. IV 144.txt],,,,,,,,,,,,,,,,
2,E 3G 3B 3B 3C 4B 3G 3,[maram_356.txt, maram_372.txt],,,,,,,,,,,,,,,,
2,E 3G 3B 3E 4D 4C 4B 3,[MF(AV). Cd. V 12.txt, MF(AV). Cd. XXV 26.txt],,,,,,,,,,,,,,,,
2,E 3G 3G 3B 3A 3B 3A 3,[sul 28.txt, sul 66.txt],,,,,,,,,,,,,,,,
2,E 3G 3G 3E 3E 3G 3G 3,[maram_7.txt, maram_4.txt],,,,,,,,,,,,,,,,
2,E 3G 3G 3E 3G 3G 3E 3,[sul 69.txt, maram_4.txt],,,,,,,,,,,,,,,,
2,E 4A 3A 3D 4C 4B 3B 3,[maram_26.txt, sul 436.txt],,,,,,,,,,,,,,,,
2,E 4B 3E 4E 4F#4E 4D 4,[MF(AV). Cd. XXXI 9.txt, AV. C propriu-zis. 136.txt],,,,,,,,,,,,,,,,
2,E 4D 4C 4A 3A 3A 3B 3,[sul 441.txt, TBred. Cpropriu-zis. nr. 107.txt],,,,,,,,,,,,,,,,
2,E 4D 4C 4B 3A 3A 3A 3,[DK_103.txt, maram_180.txt],,,,,,,,,,,,,,,,
2,E 4D 4C 4B 3A 3A 3B 3,[GBr. Col. 171.txt, maram_515.txt],,,,,,,,,,,,,,,,
2,E 4D 4C 4B 3A 3A 3G 3,[maram_517.txt, scor 111.txt],,,,,,,,,,,,,,,,
2,E 4D 4C 4B 3A 3D 4E 4,[mio_103.txt, maram_515.txt],,,,,,,,,,,,,,,,
2,E 4D 4C 4B 3A 3G 3D 4,[AV. C propriu-zis. 136.txt, MF(AV). Cd. IX 8.txt],,,,,,,,,,,,,,,,
2,E 4D 4C 4B 3B 3A 3B 3,[DK_102.txt, maram_449.txt],,,,,,,,,,,,,,,,
2,E 4D 4C 4B 3D 4A 3A 3,[GBr. Col. 100.txt, Drg. Col. 244.txt],,,,,,,,,,,,,,,,
2,E 4D 4C 4B 3G 3A 3A 3,[CBr. Col. p. 208.txt, del 118.txt],,,,,,,,,,,,,,,,
2,E 4D 4C 4C 4B 3B 3D 4,[TBred. Col. nr. 292.txt, NL_23.txt],,,,,,,,,,,,,,,,
2,E 4D 4C 4G 3B 3D 4A 3,[mio_129.txt, mio_120.txt],,,,,,,,,,,,,,,,
2,E 4D 4C#4B 3D 4D 4D 4,[TBred. Cpropriu-zis. nr. 106.txt, mrz 356.txt],,,,,,,,,,,,,,,,
2,E 4D 4D 4D 4E 4D 4B 3,[maram_431.txt, maram_519.txt],,,,,,,,,,,,,,,,
2,E 4D 4D 4D 4E 4D 4C 4,[maram_188.b.txt, DK_6.txt],,,,,,,,,,,,,,,,
2,E 4D 4D 4D 4E 4D 4D 4,[NL_20.txt, maram_231.txt],,,,,,,,,,,,,,,,
2,E 4D 4D 4G 3A 3A 3A 3,[BB. Hore. 110a.txt, NU. Cvj. 233.txt],,,,,,,,,,,,,,,,
2,E 4D 4E 4D 4C 4B 3B 3,[DK_102.txt, maram_182.txt],,,,,,,,,,,,,,,,
2,E 4D 4G 4F 4E 4D 4C 4,[DK_109.txt, DK_150.txt],,,,,,,,,,,,,,,,
2,E 4E 4D 4B 3E 4D 4D 4,[maram_491.txt, NU. Cvj. 175.txt],,,,,,,,,,,,,,,,
2,E 4E 4D 4C 4C 4B 3B 3,[CBr. Col. 16.txt, NL_23.txt],,,,,,,,,,,,,,,,
2,E 4E 4D 4D 4C 4B 3A 3,[NU. Col. 106.txt, del 113.txt],,,,,,,,,,,,,,,,
2,E 4E 4D 4G 3G 3A 3A 3,[sul 257.txt, maram_439.txt],,,,,,,,,,,,,,,,
2,E 4E 4D 4G 4D 4E 4C 4,[NL_151.txt, maram_351b.txt],,,,,,,,,,,,,,,,
2,E 4E 4E 4C 4A 3A 3A 3,[maram_471a.txt, maram_329b.txt],,,,,,,,,,,,,,,,
2,E 4E 4E 4D 4C 4B 3A 3,[AV. C propriu-zis. 95.txt, MF(AV). Cd. XII 7.txt],,,,,,,,,,,,,,,,
2,E 4E 4E 4D 4E 4E 4D 4,[CBr. Col. p. 208.txt, DK_18.txt],,,,,,,,,,,,,,,,
2,E 4E 4E 4E 4B 4C 5B 4,[MDD. Col. 128.txt, MM DD. Col 68.txt],,,,,,,,,,,,,,,,
2,E 4E 4E 4E 4G 4F 4E 4,[DK_102.txt, scor 50.txt],,,,,,,,,,,,,,,,
2,E 5D 5C 5B 4A 4E 5E 5,[MDD. Col. 167.txt, MDD. Col. 164.txt],,,,,,,,,,,,,,,,
2,F 4D 4D 4A#3D 4G 3G 3,[maram_461.txt, maram_528.txt],,,,,,,,,,,,,,,,
2,F 4D#4D 4C 4A#3A 3G 3,[MF(AV). Cd. XXIX 42.txt, maram_56.txt],,,,,,,,,,,,,,,,
2,F 4E 4D 4A 3C#4D 4E 4,[BB. Hore. 110a.txt, BB. Hore. 62c.txt],,,,,,,,,,,,,,,,
2,F 4F 4D 4A#3C 4A#3G 3,[maram_426.txt, maram_425.txt],,,,,,,,,,,,,,,,
2,F 4F 4D 4D 4F 4D 4D 4,[maram_388.txt, maram_498.txt],,,,,,,,,,,,,,,,
2,F 4G 4A 4G 4F 4E 4F 4,[MM DD. Col 125.txt, maram_415.txt],,,,,,,,,,,,,,,,
2,F#3A 3G 3F#3E 3D 3A 3,[CBr. Bal. 18.txt, CBr. Col. 6.txt],,,,,,,,,,,,,,,,
2,F#3B 3B 3A 3C 4B 3G 3,[CBr. Cst. 38.txt, GBr. Col. 174.txt],,,,,,,,,,,,,,,,
2,F#3E 3E 3G 3F#3E 3E 3,[SDrg. Cjoc. 67.txt, SDrg. Cjoc. 61.txt],,,,,,,,,,,,,,,,
2,F#3G 3A 3G 3F#3G 3D 3,[mrz 369.txt, TBred. Cpropriu-zis. nr. 254.txt],,,,,,,,,,,,,,,,
2,F#3G 3F#3G 3A 3G 3G 3,[sul 19.txt, maram_363.txt],,,,,,,,,,,,,,,,
2,G 3A 3A 3A 3B 3A 3G 3,[AV. C propriu-zis. 95.txt, del 106.txt],,,,,,,,,,,,,,,,
2,G 3A 3A 3A 3G 3A 3A 3,[BB. Cjoc. 84.txt, sul 170.txt],,,,,,,,,,,,,,,,
2,G 3A 3A 3A 3G 3G 3A 3,[NU. Cvj. 220.txt, sul 88.txt],,,,,,,,,,,,,,,,
2,G 3A 3A 3B 3C 4A 3D 4,[GBr. Col. 53.txt, NL_21.txt],,,,,,,,,,,,,,,,
2,G 3A 3A 3B 3D 4B 3A 3,[maram_188.b.txt, CB. Col. 356.txt],,,,,,,,,,,,,,,,
2,G 3A 3A 3E 3E 3E 3E 3,[sul 285.txt, sul 228.txt],,,,,,,,,,,,,,,,
2,G 3A 3A 3G 3A 3B 3A 3,[Drg. Col. 115.txt, sul 170.txt],,,,,,,,,,,,,,,,
2,G 3A 3A 3G 3A 3E 3E 3,[Drg. Col. 136.txt, maram_122.txt],,,,,,,,,,,,,,,,
2,G 3A 3A 3G 3B 3A 3,[mio_129.txt, mio_120.txt],,,,,,,,,,,,,,,,
2,G 3A 3A 3G 3G 3A 3A 3,[sul 228.txt, sul 429.txt],,,,,,,,,,,,,,,,
2,G 3A 3A#3A 3A 3G 3E 3,[MF(AV). Cd. XIX 7.txt, AV. C propriu-zis. 157.txt],,,,,,,,,,,,,,,,
2,G 3A 3A#3A 3G 3F#3G 3,[MF(AV). Cd. VI 23.txt, CBr. Bal. 9.txt],,,,,,,,,,,,,,,,
2,G 3A 3A#3D 4F 4F 4G 4,[maram_384.txt, maram_529.txt],,,,,,,,,,,,,,,,
2,G 3A 3B 3A 3B 3A 3G 3,[TBred. Cpropriu-zis. nr. 172.txt, CBr. Col. 7.txt],,,,,,,,,,,,,,,,
2,G 3A 3B 3A 3B 3D 4C 4,[CP.SCR. Doină haid. 22.txt, Drg. Col. 115.txt],,,,,,,,,,,,,,,,
2,G 3A 3B 3A 3G 3F#3D 3,[MF(AV). Cd. XXVIII 3.txt, IP. Bal. 150.txt],,,,,,,,,,,,,,,,
2,G 3A 3B 3A 3G 3F#3G 3,[MF(AV). Cd. XXVIII 3.txt, MF(AV). Cd. XVI 39.txt],,,,,,,,,,,,,,,,
2,G 3A 3B 3B 3G 3A 3B 3,[BB. C. 241.txt, Drg. C. Nr. 15.txt],,,,,,,,,,,,,,,,
2,G 3A 3B 3D 4B 3A 3,[BB. Hore. 57a.txt, AV. C propriu-zis. 80.txt],,,,,,,,,,,,,,,,
2,G 3A 3B 3E 3E 3E 3D 3,[DK_88.txt, del 159.txt],,,,,,,,,,,,,,,,
2,G 3A 3B 3G 3A 3A 3A 3,[BB. C. 223.txt, AV. C propriu-zis. 74.txt],,,,,,,,,,,,,,,,
2,G 3A 3B 3G 3A 3A 3G 3,[CP.SCR. Doină. 12.txt, NU_187.txt],,,,,,,,,,,,,,,,
2,G 3A 3B 3G 3A 3B 3A 3,[del 128.txt, BB. C. 118.txt],,,,,,,,,,,,,,,,
2,G 3A 3B 3G 3A 3G 3E 3,[CP.SCR. Doină. 12.txt, MF(AV). Cd. IV 85.txt],,,,,,,,,,,,,,,,
2,G 3A 3B 3G 3D 4C 4A 3,[CBr. Col. 24.txt, CBr. Col. 6.txt],,,,,,,,,,,,,,,,
2,G 3A 3B 3G 3E 3B 3A 3,[NU. Cvj. 170.txt, GB. Col. 3.txt],,,,,,,,,,,,,,,,
2,G 3A 3B 3G 3E 3D 3G 3,[TBred. Cpropriu-zis. nr. 155.txt, IP. Col.183.txt],,,,,,,,,,,,,,,,
2,G 3A 3C 4B 3D 4C 4G 3,[IB. Col. 1.txt, NU_58.txt],,,,,,,,,,,,,,,,
2,G 3A 3C 4D 4E 4C 4A 3,[BB. Col. 45d.txt, NL_37.txt],,,,,,,,,,,,,,,,
2,G 3A 3G 3B 3D 4C 4D 4,[NL_121.txt, NL_214.txt],,,,,,,,,,,,,,,,
2,G 3A 3G 3E 3G 3G 3A 3,[DK_131.txt, del 162.txt],,,,,,,,,,,,,,,,
2,G 3A 3G 3F#3G 3F#3E 3,[del 76.txt, IB. Col. 10.txt],,,,,,,,,,,,,,,,
2,G 3A 3G 3G 3A 3G 3E 3,[maram_45.txt, sul 113.txt],,,,,,,,,,,,,,,,
2,G 3A 3G 3G 3E 3E 3G 3,[maram_7.txt, CBr. Col. 17.txt],,,,,,,,,,,,,,,,
2,G 3A#3A#3A#3A#3G 3G 3,[maram_128.txt, sul 95.txt],,,,,,,,,,,,,,,,
2,G 3A#3C 4A#3A 3G 3G 3,[IP. Col.199.txt, BB. Hore. 73c.txt],,,,,,,,,,,,,,,,
2,G 3B 3A 3A 3A 3E 3F#3,[MV. C. p.82.txt, GBr. Col. 23.txt],,,,,,,,,,,,,,,,
2,G 3B 3A 3A 3D 4D 4D 4,[NL_52.txt, DK_116.txt],,,,,,,,,,,,,,,,
2,G 3B 3A 3B 3A 3B 3A 3,[sul 28.txt, MF(AV). Cd. IX 16.txt],,,,,,,,,,,,,,,,
2,G 3B 3A 3G 3A 3G 3F#3,[GBr. Col. 31.txt, IP. Cşez. 50.txt],,,,,,,,,,,,,,,,
2,G 3B 3B 3A 3A 3G 3,[BB. Cjoc. 250.txt, GBr. Col. 8.txt],,,,,,,,,,,,,,,,
2,G 3B 3B 3A 3A 3G 3B 3,[BB. Cjoc. 250.txt, GBr. Col. 8.txt],,,,,,,,,,,,,,,,
2,G 3B 3B 3B 3B 3A 3G 3,[sul 375.txt, BB. Cjoc. 84.txt],,,,,,,,,,,,,,,,
2,G 3B 3B 3G 3A 3A 3G 3,[SDrg. Cjoc. 67.txt, SDrg. Cjoc. 61.txt],,,,,,,,,,,,,,,,
2,G 3B 3C 4D 4B 3A 3,[CBr. Col. 28.txt, GBr. Col. 82.txt],,,,,,,,,,,,,,,,
2,G 3B 3D 4B 3A 3A 3B 3,[sul 377.txt, MF(AV). Cd. IV 144.txt],,,,,,,,,,,,,,,,
2,G 3B 3D 4C 4A 3C 4B 3,[maram_352.txt, CBr. Cst. 53.txt],,,,,,,,,,,,,,,,
2,G 3B 3D 4C 4A 3G 3A 3,[GBr. Col. 25.txt, sul 179.txt],,,,,,,,,,,,,,,,
2,G 3B 3D 4C 4A 3G 3D 3,[NL_20.txt, NL_24.txt],,,,,,,,,,,,,,,,
2,G 3B 3D 4C 4B 3A 3G 3,[NL_28.txt, maram_149.txt],,,,,,,,,,,,,,,,
2,G 3B 3D 4C 4B 3G 3D 3,[maram_330.txt, maram_320.txt],,,,,,,,,,,,,,,,
2,G 3B 3D 4D 4D 4C 4D 4,[scor 77.txt, AV. C propriu-zis. 163.txt],,,,,,,,,,,,,,,,
2,G 3B 3E 4E 4D 4C 4B 3,[DK_103.txt, del 118.txt],,,,,,,,,,,,,,,,
2,G 3D 3G 3F#3G 3A 3A#3,[maram_27.txt, maram_367.txt],,,,,,,,,,,,,,,,
2,G 3D 3G 3G 3G 3G 3G 3,[maram_62.txt, maram_229.txt],,,,,,,,,,,,,,,,
2,G 3D 4C#4D 4E 4D 4C 4,[mio_111.txt, del 7.txt],,,,,,,,,,,,,,,,
2,G 3D 4D 4A#3C 4A#3A 3,[Drg. Col. 224.txt, Drg. Col. 225.txt],,,,,,,,,,,,,,,,
2,G 3E 3A 3G 3G 3E 3,[maram_7.txt, sul 79.txt],,,,,,,,,,,,,,,,
2,G 3E 3A 3G 3G 3E 3E 3,[maram_7.txt, sul 79.txt],,,,,,,,,,,,,,,,
2,G 3E 3E 3G 3G 3A 3B 3,[GB. C propriu-zis. 2.txt, BB. Col. 126.txt],,,,,,,,,,,,,,,,
2,G 3E 3F#3G 3A 3G 3A 3,[CBr. Cst. 48.txt, NL_149.txt],,,,,,,,,,,,,,,,
2,G 3E 3G 3A 3A#3G 3A 3,[SDrg. Doina. 20.txt, DK_116.txt],,,,,,,,,,,,,,,,
2,G 3E 3G 3E 3E 3E 3E 3,[sul 146.txt, BB. Hore. 104.txt],,,,,,,,,,,,,,,,
2,G 3E 3G 3E 3G 3E 3G 3,[sul 69.txt, sul 97.txt],,,,,,,,,,,,,,,,
2,G 3E 3G 3G 3A 3A 3B 3,[NU. C. Nr. 5.txt, del 162.txt],,,,,,,,,,,,,,,,
2,G 3E 3G 3G 3E 3G 3E 3,[sul 69.txt, sul 97.txt],,,,,,,,,,,,,,,,
2,G 3F 3G 3F 3G 3F 3,[sul 30.txt, sul 35.txt],,,,,,,,,,,,,,,,
2,G 3F 3G 3G 3F 3G 3F 3,[sul 35.txt, sul 36.txt],,,,,,,,,,,,,,,,
2,G 3F#3G 3A 3A 3B 3A 3,[mio_181.txt, GBr. Col. 136.txt],,,,,,,,,,,,,,,,
2,G 3F#3G 3A 3B 3G 3G 3,[BB. Hore. 92c.txt, CBr. Col. 19.txt],,,,,,,,,,,,,,,,
2,G 3F#3G 3A#3A 3F#3A 3,[Drg. Col. 239.txt, Drg. Col. 166b.txt],,,,,,,,,,,,,,,,
2,G 3F#3G 3B 3A 3A 3A 3,[sul 392.txt, del 1.txt],,,,,,,,,,,,,,,,
2,G 3G 3A 3A 3B 3B 3C 4,[maram_475a.txt, maram_475b.txt],,,,,,,,,,,,,,,,
2,G 3G 3A 3A 3B 3B 3G 3,[NU. Cvj. 227.txt, maram_439.txt],,,,,,,,,,,,,,,,
2,G 3G 3A 3A 3G 3,[maram_117.txt, mrz 98.txt],,,,,,,,,,,,,,,,
2,G 3G 3A 3A 3G 3E 3E 3,[maram_118.txt, NU. Cvj. 137.txt],,,,,,,,,,,,,,,,
2,G 3G 3A 3B 3C 4A 3,[Drg. Col. 276.txt, GBr. Col. 166.txt],,,,,,,,,,,,,,,,
2,G 3G 3A 3B 3D 4B 3G 3,[maram_228.txt, MF(AV). Cd. IV 7.txt],,,,,,,,,,,,,,,,
2,G 3G 3A 3B 3G 3A 3A 3,[BB. C. 223.txt, NU_187.txt],,,,,,,,,,,,,,,,
2,G 3G 3A 3B 3G 3A 3B 3,[BB. C. 118.txt, GBr. Col. 295.txt],,,,,,,,,,,,,,,,
2,G 3G 3A 3G 3A 3A 3A 3,[maram_396.txt, sul 88.txt],,,,,,,,,,,,,,,,
2,G 3G 3A 3G 3A 3B 3C 4,[DK_146.txt, TBred. Col. nr. 292.txt],,,,,,,,,,,,,,,,
2,G 3G 3A 3G 3A 3G 3E 3,[sul 98.txt, maram_124.txt],,,,,,,,,,,,,,,,
2,G 3G 3A 3G 3B 3B 3D 4,[mio_129.txt, mio_120.txt],,,,,,,,,,,,,,,,
2,G 3G 3A 3G 3B 3D 4C 4,[CBr. Col. 1.txt, NL_214.txt],,,,,,,,,,,,,,,,
2,G 3G 3A 3G 3G 3A 3G 3,[maram_45.txt, maram_33.txt],,,,,,,,,,,,,,,,
2,G 3G 3A 3G 3G 3G 3G 3,[maram_117.txt, maram_492.txt],,,,,,,,,,,,,,,,
2,G 3G 3A#3C 4A#3G 3G 3,[TBred. Cpropriu-zis. nr. 195.txt, maram_119.txt],,,,,,,,,,,,,,,,
2,G 3G 3B 3A 3A 3A 3G 3,[MF(AV). Cd. XV 10.txt, scor 68.txt],,,,,,,,,,,,,,,,
2,G 3G 3B 3B 3B 3B 3G 3,[maram_497.txt, maram_245.txt],,,,,,,,,,,,,,,,
2,G 3G 3B 3B 3D 4D 4B 3,[maram_462.txt, TBred. Cpropriu-zis. nr. 84.txt],,,,,,,,,,,,,,,,
2,G 3G 3B 3G 3A 3G 3E 3,[mio_138.txt, del 162.txt],,,,,,,,,,,,,,,,
2,G 3G 3C 4A#3C 4A#3A#3,[GBr. Col. 169.txt, SDrg. Doina. 26.txt],,,,,,,,,,,,,,,,
2,G 3G 3C 4C 4C 4C 4,[sul 95.txt, sul 83.txt],,,,,,,,,,,,,,,,
2,G 3G 3D 3B 3B 3B 3A 3,[del 9.txt, maram_441.txt],,,,,,,,,,,,,,,,
2,G 3G 3D 3D 3G 3G 3D 3,[del 158.txt, BB. Hore. 38.txt],,,,,,,,,,,,,,,,
2,G 3G 3D 3E 3E 3D 3G 3,[NU. Cvj. 227.txt, BB. C. 171.txt],,,,,,,,,,,,,,,,
2,G 3G 3F 3G 3G 3F 3G 3,[maram_5.txt, sul 35.txt],,,,,,,,,,,,,,,,
2,G 3G 3G 3A 3A 3D 4C 4,[maram_159.txt, BB. C. 243.txt],,,,,,,,,,,,,,,,
2,G 3G 3G 3A 3A 3G 3G 3,[maram_127.txt, AV. C propriu-zis. 213.txt],,,,,,,,,,,,,,,,
2,G 3G 3G 3A 3C 4B 3A 3,[Drg. Col. 266.txt, MF(AV). Cd. XII 7.txt],,,,,,,,,,,,,,,,
2,G 3G 3G 3A 3G 3A 3G 3,[MF(AV). Cd. XXIX 42.txt, maram_124.txt],,,,,,,,,,,,,,,,
2,G 3G 3G 3A 3G 3E 3G 3,[CBr. Col. 17.txt, sul 97.txt],,,,,,,,,,,,,,,,
2,G 3G 3G 3A#3G 3G 3G 3,[maram_110.txt, MF(AV). Cd. XV 19.txt],,,,,,,,,,,,,,,,
2,G 3G 3G 3B 3B 3D 4D 4,[maram_136.txt, TBred. Cpropriu-zis. nr. 84.txt],,,,,,,,,,,,,,,,
2,G 3G 3G 3B 3D 4D 4G 4,[maram_517.txt, maram_349.txt],,,,,,,,,,,,,,,,
2,G 3G 3G 3C 4B 3A 3B 3,[GBr. Col. 27.txt, GBr. Col. 214.txt],,,,,,,,,,,,,,,,
2,G 3G 3G 3D 3G 3G 3G 3,[GBr. Col. 96.txt, maram_62.txt],,,,,,,,,,,,,,,,
2,G 3G 3G 3G 3D 3D 3D 3,[maram_510.txt, maram_480.txt],,,,,,,,,,,,,,,,
2,G 3G 3G 3G 3G 3A#3A 3,[maram_24.txt, maram_113.txt],,,,,,,,,,,,,,,,
2,G 3G 3G 3G 3G 3G 3A#3,[maram_113.txt, MF(AV). Cd. XV 19.txt],,,,,,,,,,,,,,,,
2,G 3G 3G 3G 3G 3G 3D 3,[maram_62.txt, maram_229.txt],,,,,,,,,,,,,,,,
2,G 3G 3G 3G 3G 3G 3E 3,[maram_253.txt, maram_252.txt],,,,,,,,,,,,,,,,
